{"type": "FeatureCollection", "name": "POI_water_depth_with_timeserie_scaled_measure_POI_on_water_depth_with_timeserie", "crs": {"type": "name", "properties": {"name": "urn:ogc:def:crs:EPSG::2154"}}, "features_metadata": {"layer_name": "POI_water_depth_with_timeserie", "measure_every_N_iterations": 10, "save_timeserie": true, "modify_units": {"action": "no", "variable": "water_depth_matrix", "operation": "get_matrix_value_at_coordinates_grouped_by_dimension_with_scaling_option", "new_unit": ""}, "data_scaling": {"variable": "water_depth_matrix", "operation": "get_matrix_value_at_coordinates_grouped_by_dimension_with_scaling_option", "scaling_factor": {"value": 1.0, "type": "constant", "expr": 1.0}}, "statistics_properties": [{"statistics_to_compute": ["min", "max", "sum", "mean", "median"], "operation": "all", "variable": "all"}], "persistence_properties": {"persistence_mode": "normal", "variable": "water_depth_matrix", "operation": "get_matrix_value_at_coordinates_grouped_by_dimension_with_scaling_option"}, "display": {"water_depth_matrix_get_matrix_value_at_coordinates_grouped_by_dimension_with_scaling_option": {"variable": "water_depth_matrix", "operation": "get_matrix_value_at_coordinates_grouped_by_dimension_with_scaling_option", "attribut_for_dynamic_display": "max", "color_name": "LOW_HEIGHT_COLORMAP", "color_mode": "default", "color_levels": [0.1, 0.5, 0.8, 0.9, 0.99], "color_extrema": {"max": 1.0}, "hide_null_values": "yes", "legend_prefix": "", "legend_tick": ".2f", "legend_unit": "m", "legend_variable_display_name": "water_depth", "show_as_legend": "yes", "stroke_type": "constant", "stroke_width": 1, "text_adaptative_display": "dynamic", "text_hide_threshold": 10, "text_value": "text", "display_key": "water_depth_matrix_get_matrix_value_at_coordinates_grouped_by_dimension_with_scaling_option", "fill": "dynamic", "text": "dynamic", "stroke": 1, "style_parser": {"type": "Circle", "radius": "dynamic", "radius_adaptative_display": "dynamic", "radius_min_adaptative_display": 5, "radius_max_adaptative_display": 40}, "value_tick": 2, "color_values": [{"color": "rgba(0,0,0,0)", "from": "lower_bound", "to": 0.03}, {"color": "rgba(222, 235, 247 , 0.9)", "from": 0.03, "to": 0.05}, {"color": "rgba(198, 219, 239, 0.9)", "from": 0.05, "to": 0.1}, {"color": "rgba(159, 202, 225, 0.9)", "from": 0.1, "to": 0.2}, {"color": "rgba(107, 174, 214, 0.9)", "from": 0.2, "to": 0.4}, {"color": "rgba(66, 146, 198, 0.9)", "from": 0.4, "to": "higher_bound"}]}}, "time_vector": [0.0, 100.0, 152.9467315673828, 160.4914093017578, 162.9914093017578, 165.4914093017578, 167.9914093017578, 170.4914093017578, 172.9914093017578, 175.4914093017578, 177.9914093017578, 180.4914093017578, 182.9914093017578, 186.18505859375, 189.45578002929688, 192.72650146484375, 195.99722290039062, 199.2679443359375, 202.53866577148438, 205.80938720703125, 209.08010864257812, 212.350830078125, 215.62155151367188, 218.20823669433594, 220.7189178466797, 223.22959899902344, 225.7402801513672, 228.25096130371094, 230.7616424560547, 233.27232360839844, 235.7830047607422, 238.29368591308594, 240.8043670654297, 243.30543518066406, 245.80543518066406, 248.30543518066406, 250.80543518066406, 253.30543518066406, 255.80543518066406, 258.305419921875, 260.805419921875, 263.305419921875, 265.805419921875, 268.305419921875, 270.805419921875, 273.305419921875, 275.805419921875, 278.305419921875, 280.805419921875, 283.305419921875, 285.805419921875, 288.305419921875, 290.805419921875, 293.305419921875, 295.805419921875, 298.305419921875, 300.805419921875, 303.305419921875, 305.805419921875, 308.305419921875, 310.805419921875, 313.305419921875, 315.805419921875, 318.305419921875, 320.805419921875, 323.305419921875, 325.805419921875, 328.305419921875, 330.805419921875, 333.305419921875, 335.805419921875, 338.305419921875, 340.805419921875, 343.305419921875, 345.805419921875, 348.305419921875, 350.805419921875, 353.305419921875, 355.805419921875, 358.305419921875, 360.805419921875, 363.305419921875, 365.805419921875, 368.305419921875, 370.805419921875, 373.305419921875, 375.805419921875, 378.305419921875, 380.805419921875, 383.305419921875, 385.805419921875, 388.305419921875, 390.805419921875, 393.305419921875, 395.805419921875, 398.305419921875, 400.805419921875, 403.305419921875, 405.805419921875, 408.305419921875, 410.805419921875, 413.305419921875, 415.805419921875, 418.305419921875, 420.805419921875, 423.305419921875, 425.805419921875, 428.305419921875, 430.805419921875, 433.305419921875, 435.805419921875, 438.305419921875, 440.805419921875, 443.305419921875, 445.805419921875, 448.305419921875, 450.805419921875, 453.305419921875, 455.805419921875, 458.305419921875, 460.805419921875, 463.305419921875, 465.805419921875, 468.305419921875, 470.805419921875, 473.305419921875, 475.805419921875, 478.305419921875, 480.805419921875, 483.305419921875, 485.805419921875, 488.305419921875, 490.805419921875, 493.305419921875, 495.805419921875, 498.305419921875, 500.805419921875, 503.305419921875, 505.805419921875, 508.305419921875, 510.805419921875, 513.305419921875, 515.805419921875, 518.305419921875, 520.805419921875, 523.305419921875, 525.805419921875, 528.305419921875, 530.805419921875, 533.305419921875, 535.805419921875, 538.305419921875, 540.805419921875, 543.305419921875, 545.805419921875, 548.305419921875, 550.805419921875, 553.305419921875, 555.805419921875, 558.305419921875, 560.805419921875, 563.305419921875, 565.805419921875, 568.305419921875, 570.805419921875, 573.305419921875, 575.805419921875, 578.305419921875, 580.805419921875, 583.305419921875, 585.805419921875, 588.305419921875, 590.805419921875, 593.305419921875, 595.805419921875, 598.305419921875, 600.805419921875, 603.305419921875, 605.805419921875, 608.305419921875, 610.805419921875, 613.305419921875, 615.805419921875, 618.305419921875, 620.805419921875, 623.305419921875, 625.805419921875, 628.305419921875, 630.805419921875, 633.305419921875, 635.805419921875, 638.305419921875, 640.805419921875, 643.305419921875, 645.805419921875, 648.305419921875, 650.805419921875, 653.305419921875, 655.805419921875, 658.305419921875, 660.805419921875, 663.305419921875, 665.805419921875, 668.305419921875, 670.805419921875, 673.305419921875, 675.805419921875, 678.305419921875, 680.805419921875, 683.305419921875, 685.805419921875, 688.305419921875, 690.805419921875, 693.305419921875, 695.805419921875, 698.305419921875, 700.805419921875, 703.305419921875, 705.805419921875, 708.305419921875, 710.805419921875, 713.305419921875, 715.805419921875, 718.305419921875, 720.805419921875, 723.305419921875, 725.805419921875, 728.305419921875, 730.805419921875, 733.305419921875, 735.805419921875, 738.305419921875, 740.805419921875, 743.305419921875, 745.805419921875, 748.305419921875, 750.805419921875, 753.305419921875, 755.805419921875, 758.305419921875, 760.805419921875, 763.305419921875, 765.805419921875, 768.305419921875, 770.805419921875, 773.305419921875, 775.805419921875, 778.305419921875, 780.805419921875, 783.305419921875, 785.805419921875, 788.305419921875, 790.805419921875, 793.305419921875, 795.805419921875, 798.305419921875, 800.805419921875, 803.305419921875, 805.805419921875, 808.305419921875, 810.805419921875, 813.305419921875, 815.805419921875, 818.305419921875, 820.805419921875, 823.305419921875, 825.805419921875, 828.305419921875, 830.805419921875, 833.305419921875, 835.805419921875, 838.305419921875, 840.805419921875, 843.305419921875, 845.805419921875, 848.305419921875, 850.805419921875, 853.305419921875, 855.805419921875, 858.305419921875, 860.805419921875, 863.305419921875, 865.805419921875, 868.305419921875, 870.805419921875, 873.305419921875, 875.805419921875, 878.305419921875, 880.805419921875, 883.305419921875, 885.805419921875, 888.305419921875, 890.805419921875, 893.305419921875, 895.805419921875, 898.305419921875, 900.805419921875, 903.305419921875, 905.805419921875, 908.305419921875, 910.805419921875, 913.305419921875, 915.805419921875, 918.305419921875, 920.805419921875, 923.305419921875, 925.805419921875, 928.305419921875, 930.805419921875, 933.305419921875, 935.805419921875, 938.305419921875, 940.805419921875, 943.305419921875, 945.805419921875, 948.305419921875, 950.805419921875, 953.305419921875, 955.805419921875, 958.305419921875, 960.805419921875, 963.305419921875, 965.805419921875, 968.305419921875, 970.805419921875, 973.305419921875, 975.805419921875, 978.305419921875, 980.805419921875, 983.305419921875, 985.805419921875, 988.305419921875, 990.805419921875, 993.305419921875, 995.805419921875, 998.305419921875, 1000.805419921875, 1003.305419921875, 1005.805419921875, 1008.305419921875, 1010.805419921875, 1013.305419921875, 1015.805419921875, 1018.305419921875, 1020.805419921875, 1023.305419921875, 1025.805419921875, 1028.305419921875, 1030.805419921875, 1033.305419921875, 1035.805419921875, 1038.305419921875, 1040.805419921875, 1043.305419921875, 1045.805419921875, 1048.305419921875, 1050.805419921875, 1053.305419921875, 1055.805419921875, 1058.305419921875, 1060.805419921875, 1063.305419921875, 1065.805419921875, 1068.305419921875, 1070.805419921875, 1073.305419921875, 1075.805419921875, 1078.305419921875, 1080.805419921875, 1083.305419921875, 1085.805419921875, 1088.305419921875, 1090.805419921875, 1093.305419921875, 1095.805419921875, 1098.305419921875, 1100.805419921875, 1103.305419921875, 1105.805419921875, 1108.305419921875, 1110.805419921875, 1113.305419921875, 1115.805419921875, 1118.305419921875, 1120.805419921875, 1123.305419921875, 1125.805419921875, 1128.305419921875, 1130.805419921875, 1133.305419921875, 1135.805419921875, 1138.305419921875, 1140.805419921875, 1143.305419921875, 1145.805419921875, 1148.305419921875, 1150.805419921875, 1153.305419921875, 1155.805419921875, 1158.305419921875, 1160.805419921875, 1163.305419921875, 1165.805419921875, 1168.305419921875, 1170.805419921875, 1173.305419921875, 1175.805419921875, 1178.305419921875, 1180.805419921875, 1183.305419921875, 1185.805419921875, 1188.305419921875, 1190.805419921875, 1193.305419921875, 1195.805419921875, 1198.305419921875, 1200.805419921875, 1203.305419921875, 1205.805419921875, 1208.305419921875, 1210.805419921875, 1213.305419921875, 1215.805419921875, 1218.305419921875, 1220.805419921875, 1223.305419921875, 1225.805419921875, 1228.305419921875, 1230.805419921875, 1233.305419921875, 1235.805419921875, 1238.305419921875, 1240.805419921875, 1243.305419921875, 1245.805419921875, 1248.305419921875, 1250.805419921875, 1253.305419921875, 1255.805419921875, 1258.305419921875, 1260.805419921875, 1263.305419921875, 1265.805419921875, 1268.305419921875, 1270.805419921875, 1273.305419921875, 1275.805419921875, 1278.305419921875, 1280.805419921875, 1283.305419921875, 1285.805419921875, 1288.305419921875, 1290.805419921875, 1293.305419921875, 1295.805419921875, 1298.305419921875, 1300.805419921875, 1303.305419921875, 1305.805419921875, 1308.305419921875, 1310.805419921875, 1313.305419921875, 1315.805419921875, 1318.305419921875, 1320.805419921875, 1323.305419921875, 1325.805419921875, 1328.305419921875, 1330.805419921875, 1333.305419921875, 1335.805419921875, 1338.305419921875, 1340.805419921875, 1343.305419921875, 1345.805419921875, 1348.305419921875, 1350.805419921875, 1353.305419921875, 1355.805419921875, 1358.305419921875, 1360.805419921875, 1363.305419921875, 1365.805419921875, 1368.305419921875, 1370.805419921875, 1373.305419921875, 1375.805419921875, 1378.305419921875, 1380.805419921875, 1383.305419921875, 1385.805419921875, 1388.305419921875, 1390.805419921875, 1393.305419921875, 1395.805419921875, 1398.305419921875, 1400.805419921875, 1403.305419921875, 1405.805419921875, 1408.305419921875, 1410.805419921875, 1413.305419921875, 1415.805419921875, 1418.305419921875, 1420.805419921875, 1423.305419921875, 1425.805419921875, 1428.305419921875, 1430.805419921875, 1433.305419921875, 1435.805419921875, 1438.305419921875, 1440.805419921875, 1443.305419921875, 1445.805419921875, 1448.305419921875, 1450.805419921875, 1453.305419921875, 1455.805419921875, 1458.305419921875, 1460.805419921875, 1463.305419921875, 1465.805419921875, 1468.305419921875, 1470.805419921875, 1473.305419921875, 1475.805419921875, 1478.305419921875, 1480.805419921875, 1483.305419921875, 1485.805419921875, 1488.305419921875, 1490.805419921875, 1493.305419921875, 1495.805419921875, 1498.305419921875, 1500.805419921875, 1503.305419921875, 1505.805419921875, 1508.305419921875, 1510.805419921875, 1513.305419921875, 1515.805419921875, 1518.305419921875, 1520.805419921875, 1523.305419921875, 1525.805419921875, 1528.305419921875, 1530.805419921875, 1533.305419921875, 1535.805419921875, 1538.305419921875, 1540.805419921875, 1543.305419921875, 1545.805419921875, 1548.305419921875, 1550.805419921875, 1553.305419921875, 1555.805419921875, 1558.305419921875, 1560.805419921875, 1563.305419921875, 1565.805419921875, 1568.305419921875, 1570.805419921875, 1573.305419921875, 1575.805419921875, 1578.305419921875, 1580.805419921875, 1583.305419921875, 1585.805419921875, 1588.305419921875, 1590.805419921875, 1593.305419921875, 1595.805419921875, 1598.305419921875, 1600.805419921875, 1603.305419921875, 1605.805419921875, 1608.305419921875, 1610.805419921875, 1613.305419921875, 1615.805419921875, 1618.305419921875, 1620.805419921875, 1623.305419921875, 1625.805419921875, 1628.305419921875, 1630.805419921875, 1633.305419921875, 1635.805419921875, 1638.305419921875, 1640.805419921875, 1643.305419921875, 1645.805419921875, 1648.305419921875, 1650.805419921875, 1653.305419921875, 1655.805419921875, 1658.305419921875, 1660.805419921875, 1663.305419921875, 1665.805419921875, 1668.305419921875, 1670.805419921875, 1673.305419921875, 1675.805419921875, 1678.305419921875, 1680.805419921875, 1683.305419921875, 1685.805419921875, 1688.305419921875, 1690.805419921875, 1693.305419921875, 1695.805419921875, 1698.305419921875, 1700.805419921875, 1703.305419921875, 1705.805419921875, 1708.305419921875, 1710.805419921875, 1713.305419921875, 1715.805419921875, 1718.305419921875, 1720.805419921875, 1723.305419921875, 1725.805419921875, 1728.305419921875, 1730.805419921875, 1733.305419921875, 1735.805419921875, 1738.305419921875, 1740.805419921875, 1743.305419921875, 1745.805419921875, 1748.305419921875, 1750.805419921875, 1753.305419921875, 1755.805419921875, 1758.305419921875, 1760.805419921875, 1763.305419921875, 1765.805419921875, 1768.305419921875, 1770.805419921875, 1773.305419921875, 1775.805419921875, 1778.305419921875, 1780.805419921875, 1783.305419921875, 1785.805419921875, 1788.305419921875, 1790.805419921875, 1793.305419921875, 1795.805419921875, 1798.305419921875, 1800.805419921875, 1803.305419921875, 1805.805419921875, 1808.305419921875, 1810.805419921875, 1813.305419921875, 1815.805419921875, 1818.305419921875, 1820.805419921875, 1823.305419921875, 1825.805419921875, 1828.305419921875, 1830.805419921875, 1833.305419921875, 1835.805419921875, 1838.305419921875, 1840.805419921875, 1843.305419921875, 1845.805419921875, 1848.305419921875, 1850.805419921875, 1853.305419921875, 1855.805419921875, 1858.305419921875, 1860.805419921875, 1863.305419921875, 1865.805419921875, 1868.305419921875, 1870.805419921875, 1873.305419921875, 1875.805419921875, 1878.305419921875, 1880.805419921875, 1883.305419921875, 1885.805419921875, 1888.305419921875, 1890.805419921875, 1893.305419921875, 1895.805419921875, 1898.305419921875, 1900.805419921875, 1903.305419921875, 1905.805419921875, 1908.305419921875, 1910.805419921875, 1913.305419921875, 1915.805419921875, 1918.305419921875, 1920.805419921875, 1923.305419921875, 1925.805419921875, 1928.305419921875, 1930.805419921875, 1933.305419921875, 1935.805419921875, 1938.305419921875, 1940.805419921875, 1943.305419921875, 1945.805419921875, 1948.305419921875, 1950.805419921875, 1953.305419921875, 1955.805419921875, 1958.305419921875, 1960.805419921875, 1963.305419921875, 1965.805419921875, 1968.305419921875, 1970.805419921875, 1973.305419921875, 1975.805419921875, 1978.305419921875, 1980.805419921875, 1983.305419921875, 1985.805419921875, 1988.305419921875, 1990.805419921875, 1993.305419921875, 1995.805419921875, 1998.305419921875, 2000.805419921875, 2003.305419921875, 2005.805419921875, 2008.305419921875, 2010.805419921875, 2013.305419921875, 2015.805419921875, 2018.305419921875, 2020.805419921875, 2023.305419921875, 2025.805419921875, 2028.305419921875, 2030.805419921875, 2033.305419921875, 2035.805419921875, 2038.305419921875, 2040.805419921875, 2043.305419921875, 2045.805419921875, 2048.305419921875, 2050.805419921875, 2053.305419921875, 2055.805419921875, 2058.305419921875, 2060.805419921875, 2063.305419921875, 2065.805419921875, 2068.305419921875, 2070.805419921875, 2073.305419921875, 2075.805419921875, 2078.305419921875, 2080.805419921875, 2083.305419921875, 2085.805419921875, 2088.305419921875, 2090.805419921875, 2093.305419921875, 2095.805419921875, 2098.305419921875, 2100.805419921875, 2103.305419921875, 2105.805419921875, 2108.305419921875, 2110.805419921875, 2113.305419921875, 2115.805419921875, 2118.305419921875, 2120.805419921875, 2123.305419921875, 2125.805419921875, 2128.305419921875, 2130.805419921875, 2133.305419921875, 2135.805419921875, 2138.305419921875, 2140.805419921875, 2143.305419921875, 2145.805419921875, 2148.305419921875, 2150.805419921875, 2153.305419921875, 2155.805419921875, 2158.305419921875, 2160.805419921875, 2163.305419921875, 2165.805419921875, 2168.305419921875, 2170.805419921875, 2173.305419921875, 2175.805419921875, 2178.305419921875, 2180.805419921875, 2183.305419921875, 2185.805419921875, 2188.305419921875, 2190.805419921875, 2193.305419921875, 2195.805419921875, 2198.305419921875, 2200.805419921875, 2203.305419921875, 2205.805419921875, 2208.305419921875, 2210.805419921875, 2213.305419921875, 2215.805419921875, 2218.305419921875, 2220.805419921875, 2223.305419921875, 2225.805419921875, 2228.305419921875, 2230.805419921875, 2233.305419921875, 2235.805419921875, 2238.305419921875, 2240.805419921875, 2243.305419921875, 2245.805419921875, 2248.305419921875, 2250.805419921875, 2253.305419921875, 2255.805419921875, 2258.305419921875, 2260.805419921875, 2263.305419921875, 2265.805419921875, 2268.305419921875, 2270.805419921875, 2273.305419921875, 2275.805419921875, 2278.305419921875, 2280.805419921875, 2283.305419921875, 2285.805419921875, 2288.305419921875, 2290.805419921875, 2293.305419921875, 2295.805419921875, 2298.305419921875, 2300.805419921875, 2303.305419921875, 2305.805419921875, 2308.305419921875, 2310.805419921875, 2313.305419921875, 2315.805419921875, 2318.305419921875, 2320.805419921875, 2323.305419921875, 2325.805419921875, 2328.305419921875, 2330.805419921875, 2333.305419921875, 2335.805419921875, 2338.305419921875, 2340.805419921875, 2343.305419921875, 2345.805419921875, 2348.305419921875, 2350.805419921875, 2353.305419921875, 2355.805419921875, 2358.305419921875, 2360.805419921875, 2363.305419921875, 2365.805419921875, 2368.305419921875, 2370.805419921875, 2373.305419921875, 2375.805419921875, 2378.305419921875, 2380.805419921875, 2383.305419921875, 2385.805419921875, 2388.305419921875, 2390.805419921875, 2393.305419921875, 2395.805419921875, 2398.305419921875, 2400.805419921875, 2403.305419921875, 2405.805419921875, 2408.305419921875, 2410.805419921875, 2413.305419921875, 2415.805419921875, 2418.305419921875, 2420.805419921875, 2423.305419921875, 2425.805419921875, 2428.305419921875, 2430.805419921875, 2433.305419921875, 2435.805419921875, 2438.305419921875, 2440.805419921875, 2443.305419921875, 2445.805419921875, 2448.305419921875, 2450.805419921875, 2453.305419921875, 2455.805419921875, 2458.305419921875, 2460.805419921875, 2463.305419921875, 2465.805419921875, 2468.305419921875, 2470.805419921875, 2473.305419921875, 2475.805419921875, 2478.305419921875, 2480.805419921875, 2483.305419921875, 2485.805419921875, 2488.305419921875, 2490.805419921875, 2493.305419921875, 2495.805419921875, 2498.305419921875, 2500.805419921875, 2503.305419921875, 2505.805419921875, 2508.305419921875, 2510.805419921875, 2513.305419921875, 2515.805419921875, 2518.305419921875, 2520.805419921875, 2523.305419921875, 2525.805419921875, 2528.305419921875, 2530.805419921875, 2533.305419921875, 2535.805419921875, 2538.305419921875, 2540.805419921875, 2543.305419921875, 2545.805419921875, 2548.305419921875, 2550.805419921875, 2553.305419921875, 2555.805419921875, 2558.305419921875, 2560.805419921875, 2563.305419921875, 2565.805419921875, 2568.305419921875, 2570.805419921875, 2573.305419921875, 2575.805419921875, 2578.305419921875, 2580.805419921875, 2583.305419921875, 2585.805419921875, 2588.305419921875, 2590.805419921875, 2593.305419921875, 2595.805419921875, 2598.305419921875, 2600.805419921875, 2603.305419921875, 2605.805419921875, 2608.305419921875, 2610.805419921875, 2613.305419921875, 2615.805419921875, 2618.305419921875, 2620.805419921875, 2623.305419921875, 2625.805419921875, 2628.305419921875, 2630.805419921875, 2633.305419921875, 2635.805419921875, 2638.305419921875, 2640.805419921875, 2643.305419921875, 2645.805419921875, 2648.305419921875, 2650.805419921875, 2653.305419921875, 2655.805419921875, 2658.305419921875, 2660.805419921875, 2663.305419921875, 2665.805419921875, 2668.305419921875, 2670.805419921875, 2673.305419921875, 2675.805419921875, 2678.305419921875, 2680.805419921875, 2683.305419921875, 2685.805419921875, 2688.305419921875, 2690.805419921875, 2693.305419921875, 2695.805419921875, 2698.305419921875, 2700.805419921875, 2703.305419921875, 2705.805419921875, 2708.305419921875, 2710.805419921875, 2713.305419921875, 2715.805419921875, 2718.305419921875, 2720.805419921875, 2723.305419921875, 2725.805419921875, 2728.305419921875, 2730.805419921875, 2733.305419921875, 2735.805419921875, 2738.305419921875, 2740.805419921875, 2743.305419921875, 2745.805419921875, 2748.305419921875, 2750.805419921875, 2753.305419921875, 2755.805419921875, 2758.305419921875, 2760.805419921875, 2763.305419921875, 2765.805419921875, 2768.305419921875, 2770.805419921875, 2773.305419921875, 2775.805419921875, 2778.305419921875, 2780.805419921875, 2783.305419921875, 2785.805419921875, 2788.305419921875, 2790.805419921875, 2793.305419921875, 2795.805419921875, 2798.305419921875, 2800.805419921875, 2803.305419921875, 2805.805419921875, 2808.305419921875, 2810.805419921875, 2813.305419921875, 2815.805419921875, 2818.305419921875, 2820.805419921875, 2823.305419921875, 2825.805419921875, 2828.305419921875, 2830.805419921875, 2833.305419921875, 2835.805419921875, 2838.305419921875, 2840.805419921875, 2843.305419921875, 2845.805419921875, 2848.305419921875, 2850.805419921875, 2853.305419921875, 2855.805419921875, 2858.305419921875, 2860.805419921875, 2863.305419921875, 2865.805419921875, 2868.305419921875, 2870.805419921875, 2873.305419921875, 2875.805419921875, 2878.305419921875, 2880.805419921875, 2883.305419921875, 2885.805419921875, 2888.305419921875, 2890.805419921875, 2893.305419921875, 2895.805419921875, 2898.305419921875, 2900.805419921875, 2903.305419921875, 2905.805419921875, 2908.305419921875, 2910.805419921875, 2913.305419921875, 2915.805419921875, 2918.305419921875, 2920.805419921875, 2923.305419921875, 2925.805419921875, 2928.305419921875, 2930.805419921875, 2933.305419921875, 2935.805419921875, 2938.305419921875, 2940.805419921875, 2943.305419921875, 2945.805419921875, 2948.305419921875, 2950.805419921875, 2953.305419921875, 2955.805419921875, 2958.305419921875, 2960.805419921875, 2963.305419921875, 2965.805419921875, 2968.305419921875, 2970.805419921875, 2973.305419921875, 2975.805419921875, 2978.305419921875, 2980.805419921875, 2983.305419921875, 2985.805419921875, 2988.305419921875, 2990.805419921875, 2993.305419921875, 2995.805419921875, 2998.305419921875, 3001.0, 3003.5, 3006.0, 3008.5, 3011.0, 3013.5, 3016.0, 3018.5, 3021.0, 3023.5, 3026.0, 3028.5, 3031.0, 3033.5, 3036.0, 3038.5, 3041.0, 3043.5, 3046.0, 3048.5, 3051.0, 3053.5, 3056.0, 3058.5, 3061.0, 3063.5, 3066.0, 3068.5, 3071.0, 3073.5, 3076.0, 3078.5, 3081.0, 3083.5, 3086.0, 3088.5, 3091.0, 3093.5, 3096.0, 3098.5, 3101.0, 3103.5, 3106.0, 3108.5, 3111.0, 3113.5, 3116.0, 3118.5, 3121.0, 3123.5, 3126.0, 3128.5, 3131.0, 3133.5, 3136.0, 3138.5, 3141.0, 3143.5, 3146.0, 3148.5, 3151.0, 3153.5, 3156.0, 3158.5, 3161.0, 3163.5, 3166.0, 3168.5, 3171.0, 3173.5, 3176.0, 3178.5, 3181.0, 3183.5, 3186.0, 3188.5, 3191.0, 3193.5, 3196.0, 3198.5, 3201.0, 3203.5, 3206.0, 3208.5, 3211.0, 3213.5, 3216.0, 3218.5, 3221.0, 3223.5, 3226.0, 3228.5, 3231.0, 3233.5, 3236.0, 3238.5, 3241.0, 3243.5, 3246.0, 3248.5, 3251.0, 3253.5, 3256.0, 3258.5, 3261.0, 3263.5, 3266.0, 3268.5, 3271.0, 3273.5, 3276.0, 3278.5, 3281.0, 3283.5, 3286.0, 3288.5, 3291.0, 3293.5, 3296.0, 3298.5, 3301.0, 3303.5, 3306.0, 3308.5, 3311.0, 3313.5, 3316.0, 3318.5, 3321.0, 3323.5, 3326.0, 3328.5, 3331.0, 3333.5, 3336.0, 3338.5, 3341.0, 3343.5, 3346.0, 3348.5, 3351.0, 3353.5, 3356.0, 3358.5, 3361.0, 3363.5, 3366.0, 3368.5, 3371.0, 3373.5, 3376.0, 3378.5, 3381.0, 3383.5, 3386.0, 3388.5, 3391.0, 3393.5, 3396.0, 3398.5, 3401.0, 3403.5, 3406.0, 3408.5, 3411.0, 3413.5, 3416.0, 3418.5, 3421.0, 3423.5, 3426.0, 3428.5, 3431.0, 3433.5, 3436.0, 3438.5, 3441.0, 3443.5, 3446.0, 3448.5, 3451.0, 3453.5, 3456.0, 3458.5, 3461.0, 3463.5, 3466.0, 3468.5, 3471.0, 3473.5, 3476.0, 3478.5, 3481.0, 3483.5, 3486.0, 3488.5, 3491.0, 3493.5, 3496.0, 3498.5, 3501.0, 3503.5, 3506.0, 3508.5, 3511.0, 3513.5, 3516.0, 3518.5, 3521.0, 3523.5, 3526.0, 3528.5, 3531.0, 3533.5, 3536.0, 3538.5, 3541.0, 3543.5, 3546.0, 3548.5, 3551.0, 3553.5, 3556.0, 3558.5, 3561.0, 3563.5, 3566.0, 3568.5, 3571.0, 3573.5, 3576.0, 3578.5, 3581.0, 3583.5, 3586.0, 3588.5, 3591.0, 3593.5, 3596.0, 3598.5]}, "features": [{"type": "Feature", "geometry": {"type": "MultiPoint", "coordinates": [[1038046.5, 6869606.5], [1038046.5, 6869605.5]]}, "properties": {"style_parser": "MultiPoint", "variable": "water_depth_matrix", "unit": ["m"], "operation": "get_matrix_value_at_coordinates_grouped_by_dimension_with_scaling_option", "global_min": 0.0, "global_max": 0.011742189526557922, "global_sum": 2.615748405456543, "global_mean": 0.0009504899499006569, "global_median": 0.0, "POI_min_timeserie": [0.0, 0.0, 0.0, 0.0, 0.0, 0.0, 0.0, 0.0, 0.0, 0.0, 0.0, 0.0, 0.0, 0.0, 0.0, 0.0, 0.0, 0.0, 0.0, 0.0, 0.0, 0.0, 0.0, 0.0, 0.0, 0.0, 0.0, 0.0, 0.0, 0.0, 0.0, 0.0, 0.0, 0.0, 0.0, 0.0, 0.0, 0.0, 0.0, 0.0, 0.0, 0.0, 0.0, 0.0, 0.0, 0.0, 0.0, 0.0, 0.0, 0.0, 0.0, 0.0, 0.0, 0.0, 0.0, 0.0, 0.0, 0.0, 0.0, 0.0, 0.0, 0.0, 0.0, 0.0, 0.0, 0.0, 0.0, 0.0, 0.0, 0.0, 0.0, 0.0, 0.0, 0.0, 0.0, 0.0, 0.0, 0.0, 0.0, 0.0, 0.0, 0.0, 0.0, 0.0, 0.0, 0.0, 0.0, 0.0, 0.0, 0.0, 0.0, 0.0, 0.0, 0.0, 0.0, 0.0, 0.0, 0.0, 0.0, 0.0, 0.0, 0.0, 0.0, 0.0, 0.0, 0.0, 0.0, 0.0, 0.0, 0.0, 0.0, 0.0, 0.0, 0.0, 0.0, 0.0, 0.0, 0.0, 0.0, 0.0, 0.0, 0.0, 0.0, 0.0, 0.0, 0.0, 0.0, 0.0, 0.0, 0.0, 0.0, 0.0, 0.0, 0.0, 0.0, 0.0, 0.0, 0.0, 0.0, 0.0, 0.0, 0.0, 0.0, 0.0, 0.0, 0.0, 0.0, 0.0, 0.0, 0.0, 0.0, 0.0, 0.0, 0.0, 0.0, 0.0, 0.0, 0.0, 0.0, 0.0, 0.0, 0.0, 0.0, 0.0, 0.0, 0.0, 0.0, 0.0, 0.0, 0.0, 0.0, 0.0, 0.0, 0.0, 0.0, 0.0, 0.0, 0.0, 0.0, 0.0, 0.0, 0.0, 0.0, 0.0, 0.0, 0.0, 0.0, 0.0, 0.0, 0.0, 0.0, 0.0, 0.0, 0.0, 0.0, 0.0, 0.0, 0.0, 0.0, 0.0, 0.0, 0.0, 0.0, 0.0, 0.0, 0.0, 0.0, 0.0, 0.0, 0.0, 0.0, 0.0, 0.0, 0.0, 0.0, 0.0, 0.0, 0.0, 0.0, 0.0, 0.0, 0.0, 0.0, 0.0, 0.0, 0.0, 0.0, 0.0, 0.0, 0.0, 0.0, 0.0, 0.0, 0.0, 0.0, 0.0, 0.0, 0.0, 0.0, 0.0, 0.0, 0.0, 0.0, 0.0, 0.0, 0.0, 0.0, 0.0, 0.0, 0.0, 0.0, 0.0, 0.0, 0.0, 0.0, 0.0, 0.0, 0.0, 0.0, 0.0, 0.0, 0.0, 0.0, 0.0, 0.0, 0.0, 0.0, 0.0, 0.0, 0.0, 0.0, 0.0, 0.0, 0.0, 0.0, 0.0, 0.0, 0.0, 0.0, 0.0, 0.0, 0.0, 0.0, 0.0, 0.0, 0.0, 0.0, 0.0, 0.0, 0.0, 0.0, 0.0, 0.0, 0.0, 0.0, 0.0, 0.0, 0.0, 0.0, 0.0, 0.0, 0.0, 0.0, 0.0, 0.0, 0.0, 0.0, 0.0, 0.0, 0.0, 0.0, 0.0, 0.0, 0.0, 0.0, 0.0, 0.0, 0.0, 0.0, 0.0, 0.0, 0.0, 0.0, 0.0, 0.0, 0.0, 0.0, 0.0, 0.0, 0.0, 0.0, 0.0, 0.0, 0.0, 0.0, 0.0, 0.0, 0.0, 0.0, 0.0, 0.0, 0.0, 0.0, 0.0, 0.0, 0.0, 0.0, 0.0, 0.0, 0.0, 0.0, 0.0, 0.0, 0.0, 0.0, 0.0, 0.0, 0.0, 0.0, 0.0, 0.0, 0.0, 0.0, 0.0, 0.0, 0.0, 0.0, 0.0, 0.0, 0.0, 0.0, 0.0, 0.0, 0.0, 0.0, 0.0, 0.0, 0.0, 0.0, 0.0, 0.0, 0.0, 0.0, 0.0, 0.0, 0.0, 0.0, 0.0, 0.0, 0.0, 0.0, 0.0, 0.0, 0.0, 0.0, 0.0, 0.0, 0.0, 0.0, 0.0, 0.0, 0.0, 0.0, 0.0, 0.0, 0.0, 0.0, 0.0, 0.0, 0.0, 0.0, 0.0, 0.0, 0.0, 0.0, 0.0, 0.0, 0.0, 0.0, 0.0, 0.0, 0.0, 0.0, 0.0, 0.0, 0.0, 0.0, 0.0, 0.0, 0.0, 0.0, 0.0, 0.0, 0.0, 0.0, 0.0, 0.0, 0.0, 0.0, 0.0, 0.0, 0.0, 0.0, 0.0, 0.0, 0.0, 0.0, 0.0, 0.0, 0.0, 0.0, 0.0, 0.0, 0.0, 0.0, 0.0, 0.0, 0.0, 0.0, 0.0, 0.0, 0.0, 0.0, 0.0, 0.0, 0.0, 0.0, 0.0, 0.0, 0.0, 0.0, 0.0, 0.0, 0.0, 0.0, 0.0, 0.0, 0.0, 0.0, 0.0, 0.0, 0.0, 0.0, 0.0, 0.0, 0.0, 0.0, 0.0, 0.0, 0.0, 0.0, 0.0, 0.0, 0.0, 0.0, 0.0, 0.0, 0.0, 0.0, 0.0, 0.0, 0.0, 0.0, 0.0, 0.0, 0.0, 0.0, 0.0, 0.0, 0.0, 0.0, 0.0, 0.0, 0.0, 0.0, 0.0, 0.0, 0.0, 0.0, 0.0, 0.0, 0.0, 0.0, 0.0, 0.0, 0.0, 0.0, 0.0, 0.0, 0.0, 0.0, 0.0, 0.0, 0.0, 0.0, 0.0, 0.0, 0.0, 0.0, 0.0, 0.0, 0.0, 0.0, 0.0, 0.0, 0.0, 0.0, 0.0, 0.0, 0.0, 0.0, 0.0, 0.0, 0.0, 0.0, 0.0, 0.0, 0.0, 0.0, 0.0, 0.0, 0.0, 0.0, 0.0, 0.0, 0.0, 0.0, 0.0, 0.0, 0.0, 0.0, 0.0, 0.0, 0.0, 0.0, 0.0, 0.0, 0.0, 0.0, 0.0, 0.0, 0.0, 0.0, 0.0, 0.0, 0.0, 0.0, 0.0, 0.0, 0.0, 0.0, 0.0, 0.0, 0.0, 0.0, 0.0, 0.0, 0.0, 0.0, 0.0, 0.0, 0.0, 0.0, 0.0, 0.0, 0.0, 0.0, 0.0, 0.0, 0.0, 0.0, 0.0, 0.0, 0.0, 0.0, 0.0, 0.0, 0.0, 0.0, 0.0, 0.0, 0.0, 0.0, 0.0, 0.0, 0.0, 0.0, 0.0, 0.0, 0.0, 0.0, 0.0, 0.0, 0.0, 0.0, 0.0, 0.0, 0.0, 0.0, 0.0, 0.0, 0.0, 0.0, 0.0, 0.0, 0.0, 0.0, 0.0, 0.0, 0.0, 0.0, 0.0, 0.0, 0.0, 0.0, 0.0, 0.0, 0.0, 0.0, 0.0, 0.0, 0.0, 0.0, 0.0, 0.0, 0.0, 0.0, 0.0, 0.0, 0.0, 0.0, 0.0, 0.0, 0.0, 0.0, 0.0, 0.0, 0.0, 0.0, 0.0, 0.0, 0.0, 0.0, 0.0, 0.0, 0.0, 0.0, 0.0, 0.0, 0.0, 0.0, 0.0, 0.0, 0.0, 0.0, 0.0, 0.0, 0.0, 0.0, 0.0, 0.0, 0.0, 0.0, 0.0, 0.0, 0.0, 0.0, 0.0, 0.0, 0.0, 0.0, 0.0, 0.0, 0.0, 0.0, 0.0, 0.0, 0.0, 0.0, 0.0, 0.0, 0.0, 0.0, 0.0, 0.0, 0.0, 0.0, 0.0, 0.0, 0.0, 0.0, 0.0, 0.0, 0.0, 0.0, 0.0, 0.0, 0.0, 0.0, 0.0, 0.0, 0.0, 0.0, 0.0, 0.0, 0.0, 0.0, 0.0, 0.0, 0.0, 0.0, 0.0, 0.0, 0.0, 0.0, 0.0, 0.0, 0.0, 0.0, 0.0, 0.0, 0.0, 0.0, 0.0, 0.0, 0.0, 0.0, 0.0, 0.0, 0.0, 0.0, 0.0, 0.0, 0.0, 0.0, 0.0, 0.0, 0.0, 0.0, 0.0, 0.0, 0.0, 0.0, 0.0, 0.0, 0.0, 0.0, 0.0, 0.0, 0.0, 0.0, 0.0, 0.0, 0.0, 0.0, 0.0, 0.0, 0.0, 0.0, 0.0, 0.0, 0.0, 0.0, 0.0, 0.0, 0.0, 0.0, 0.0, 0.0, 0.0, 0.0, 0.0, 0.0, 0.0, 0.0, 0.0, 0.0, 0.0, 0.0, 0.0, 0.0, 0.0, 0.0, 0.0, 0.0, 0.0, 0.0, 0.0, 0.0, 0.0, 0.0, 0.0, 0.0, 0.0, 0.0, 0.0, 0.0, 0.0, 0.0, 0.0, 0.0, 0.0, 0.0, 0.0, 0.0, 0.0, 0.0, 0.0, 0.0, 0.0, 0.0, 0.0, 0.0, 0.0, 0.0, 0.0, 0.0, 0.0, 0.0, 0.0, 0.0, 0.0, 0.0, 0.0, 0.0, 0.0, 0.0, 0.0, 0.0, 0.0, 0.0, 0.0, 0.0, 0.0, 0.0, 0.0, 0.0, 0.0, 0.0, 0.0, 0.0, 0.0, 0.0, 0.0, 0.0, 0.0, 0.0, 0.0, 0.0, 0.0, 0.0, 0.0, 0.0, 0.0, 0.0, 0.0, 0.0, 0.0, 0.0, 0.0, 0.0, 0.0, 0.0, 0.0, 0.0, 0.0, 0.0, 0.0, 0.0, 0.0, 0.0, 0.0, 0.0, 0.0, 0.0, 0.0, 0.0, 0.0, 0.0, 0.0, 0.0, 0.0, 0.0, 0.0, 0.0, 0.0, 0.0, 0.0, 0.0, 0.0, 0.0, 0.0, 0.0, 0.0, 0.0, 0.0, 0.0, 0.0, 0.0, 0.0, 0.0, 0.0, 0.0, 0.0, 0.0, 0.0, 0.0, 0.0, 0.0, 0.0, 0.0, 0.0, 0.0, 0.0, 0.0, 0.0, 0.0, 0.0, 0.0, 0.0, 0.0, 0.0, 0.0, 0.0, 0.0, 0.0, 0.0, 0.0, 0.0, 0.0, 0.0, 0.0, 0.0, 0.0, 0.0, 0.0, 0.0, 0.0, 0.0, 0.0, 0.0, 0.0, 0.0, 0.0, 0.0, 0.0, 0.0, 0.0, 0.0, 0.0, 0.0, 0.0, 0.0, 0.0, 0.0, 0.0, 0.0, 0.0, 0.0, 0.0, 0.0, 0.0, 0.0, 0.0, 0.0, 0.0, 0.0, 0.0, 0.0, 0.0, 0.0, 0.0, 0.0, 0.0, 0.0, 0.0, 0.0, 0.0, 0.0, 0.0, 0.0, 0.0, 0.0, 0.0, 0.0, 0.0, 0.0, 0.0, 0.0, 0.0, 0.0, 0.0, 0.0, 0.0, 0.0, 0.0, 0.0, 0.0, 0.0, 0.0, 0.0, 0.0, 0.0, 0.0, 0.0, 0.0, 0.0, 0.0, 0.0, 0.0, 0.0, 0.0, 0.0, 0.0, 0.0, 0.0, 0.0, 0.0, 0.0, 0.0, 0.0, 0.0, 0.0, 1.7710479369270615e-05, 1.5443200027220882e-05, 1.317592068517115e-05, 1.0908641343121417e-05, 8.641362001071684e-06, 6.374079930537846e-06, 4.106796041014604e-06, 1.8395141978544416e-06, 0.0, 0.0, 0.00026635723770596087, 0.0002640900493133813, 0.00026182286092080176, 0.0002595556725282222, 0.00025728848413564265, 0.0002550212957430631, 0.00025275410735048354, 0.000250486918957904, 0.0002482197305653244, 0.00024595254217274487, 0.0007066210964694619, 0.0007043539080768824, 0.0007020867196843028, 0.0006998195312917233, 0.0006975523428991437, 0.0006952851545065641, 0.0006930179661139846, 0.000690750777721405, 0.0006884835893288255, 0.0006862164009362459, 0.0009903323370963335, 0.0009880645666271448, 0.0009857967961579561, 0.0009835290256887674, 0.0009812612552195787, 0.00097899348475039, 0.0009767257142812014, 0.0009744585258886218, 0.0009721913374960423, 0.0009699241491034627, 0.0010844874195754528, 0.0009750113822519779, 0.0009727441938593984, 0.0009704770054668188, 0.0009682098170742393, 0.0009659426286816597, 0.0009636754402890801, 0.0009614082518965006, 0.000959141063503921, 0.0009568738751113415, 0.0011979963164776564, 0.000991377281025052, 0.0009891095105558634, 0.0009868417400866747, 0.000984573969617486, 0.0009823061991482973, 0.0009800384286791086, 0.00097777065820992, 0.0009755031787790358, 0.0009732359903864563, 0.001275247777812183, 0.0009972433326765895, 0.0009949755622074008, 0.0009927077917382121, 0.0009904400212690234, 0.0009881722507998347, 0.000985904480330646, 0.0009836367098614573, 0.0009813689393922687, 0.00097910116892308, 0.0013606828870251775, 0.0010295294923707843, 0.0009756910149008036, 0.0016151800518855453, 0.0011943286517634988, 0.0009894215036183596, 0.0009871537331491709, 0.0009848859626799822, 0.0009826181922107935, 0.0009803504217416048, 0.0009780826512724161, 0.0009758151136338711, 0.0009735479252412915, 0.001718500629067421, 0.0012595246080309153, 0.0009866836480796337, 0.000984415877610445, 0.0009821481071412563, 0.0009798803366720676, 0.000977612566202879, 0.0009753451449796557, 0.0009730779565870762, 0.0009708107681944966, 0.001805189298465848, 0.0013135946355760098, 0.0009982488118112087, 0.00099598104134202, 0.0009937132708728313, 0.0009914455004036427, 0.000989177729934454, 0.0009869099594652653, 0.0009846421889960766, 0.000982374418526888, 0.0018938028952106833, 0.001368221128359437, 0.0010348553769290447, 0.000980618642643094, 0.0009783508721739054, 0.0009760832763276994, 0.0009738160879351199, 0.0009715488995425403, 0.0009692817111499608, 0.0009670145227573812, 0.0019600261002779007, 0.0014086526352912188, 0.0010613746708258986, 0.000979966833256185, 0.0009776990627869964, 0.0009754315833561122, 0.0009731643949635327, 0.0009708972065709531, 0.0009686300181783736, 0.000966362829785794, 0.002042836742475629, 0.0014588062185794115, 0.0010940823704004288, 0.0009837300749495625, 0.0009814623044803739, 0.0009791945340111852, 0.0009769267635419965, 0.000974659516941756, 0.0009723923285491765, 0.0009701251401565969, 0.0021100707817822695, 0.0014991555362939835, 0.0011202209861949086, 0.0009808638133108616, 0.000978596042841673, 0.000976328388787806, 0.0009740612003952265, 0.0009717940120026469, 0.0009695268236100674, 0.0009672596352174878, 0.0021865444723516703, 0.0015446771867573261, 0.0011495387880131602, 0.0009800391271710396, 0.0009777713567018509, 0.0009755038772709668, 0.0009732366888783872, 0.0009709695004858077, 0.0009687023120932281, 0.0009664351237006485, 0.0022374328691512346, 0.001574758905917406, 0.0011688165832310915, 0.0009952329564839602, 0.0009929651860147715, 0.0009906974155455828, 0.000988429645076394, 0.0009861618746072054, 0.0009838941041380167, 0.000981626333668828, 0.002300641965121031, 0.0016118217026814818, 0.0011924259597435594, 0.0009883319726213813, 0.0009860642021521926, 0.000983796431683004, 0.0009815286612138152, 0.0009792608907446265, 0.0009769931202754378, 0.0009747258736751974, 0.0023465317208319902, 0.0016386555507779121, 0.001209493144415319, 0.0009762573754414916, 0.000973990187048912, 0.0009717229986563325, 0.0009694558102637529, 0.0009671886218711734, 0.0009649214334785938, 0.0009626542450860143, 0.002391289686784148, 0.0016646141884848475, 0.0012259013019502163, 0.0009881529258564115, 0.0009858851553872228, 0.000983617384918034, 0.0009813496144488454, 0.0009790818439796567, 0.000976814073510468, 0.0009745468269102275, 0.0024367664009332657, 0.0016908998368307948, 0.0012424793094396591, 0.0009752311743795872, 0.0009729639859870076, 0.0009706967975944281, 0.0009684296092018485, 0.000966162420809269, 0.0009638952324166894, 0.0009616280440241098, 0.002477239817380905, 0.0017141883727163076, 0.0012571201659739017, 0.000985414837487042, 0.0009831470670178533, 0.0009808792965486646, 0.0009786115260794759, 0.0009763438138179481, 0.0009740766254253685, 0.000971809437032789, 0.002525290474295616, 0.0017416824121028185, 0.0012743354309350252, 0.0009976315777748823, 0.0009953638073056936, 0.000993096036836505, 0.0009908282663673162, 0.0009885604958981276, 0.0009862927254289389, 0.0009840249549597502, 0.0025766275357455015, 0.0017708708764985204, 0.0012925281189382076, 0.0009846542961895466, 0.000982386525720358, 0.0009801187552511692, 0.0009778509847819805, 0.0009755835053510964, 0.0009733163169585168, 0.0009710491285659373, 0.002618760336190462, 0.001794786425307393, 0.0013074232265353203, 0.0009948387742042542, 0.0009925710037350655, 0.0009903032332658768, 0.000988035462796688, 0.0009857676923274994, 0.0009834999218583107, 0.000981232151389122, 0.0026698147412389517, 0.001823505968786776, 0.0013251884374767542, 0.0010066000977531075, 0.0009789158357307315, 0.0009766480652615428, 0.0009743808768689632, 0.0009721136884763837, 0.0009698465000838041, 0.0009675793116912246, 0.0026955725625157356, 0.0018379760440438986, 0.001334134372882545, 0.001012521330267191, 0.0009846123866736889, 0.0009823446162045002, 0.0009800768457353115, 0.0009778090752661228, 0.0009755415958352387, 0.0009732744074426591, 0.0027607539668679237, 0.001874445821158588, 0.0013566191773861647, 0.0010273755760863423, 0.0009739656234160066, 0.000971698435023427, 0.0009694312466308475, 0.0009671640582382679, 0.0009648968698456883, 0.0009626296814531088, 0.0028028180822730064, 0.0018977709114551544, 0.0013709045015275478, 0.0010367637732997537, 0.0009826535824686289, 0.0009803858119994402, 0.0009781180415302515, 0.0009758505038917065, 0.0009735833154991269, 0.0009713161271065474, 0.002847624709829688, 0.0019225776195526123, 0.0013860863400623202, 0.001046738587319851, 0.0009921571472659707, 0.000989889376796782, 0.0009876216063275933, 0.0009853538358584046, 0.000983086065389216, 0.0009808182949200273, 0.00290260324254632, 0.0019529141718521714, 0.0014046133728697896, 0.001058894325979054, 0.0009780429536476731, 0.0009757754160091281, 0.0009735082276165485, 0.000971241039223969, 0.0009689738508313894, 0.0009667066624388099, 0.002971113659441471, 0.0019904423970729113, 0.0014274152927100658, 0.001073797233402729, 0.000991578446701169, 0.0009893106762319803, 0.0009870429057627916, 0.000984775135293603, 0.0009825073648244143, 0.0009802395943552256], "POI_max_timeserie": [0.0, 0.0, 0.0, 0.0, 0.0, 0.0, 0.0, 0.0, 0.0, 0.0, 0.0, 0.0, 0.0, 0.0, 0.0, 0.0, 0.0, 0.0, 0.0, 0.0, 0.0, 0.0, 0.0, 0.0, 0.0, 0.0, 0.0, 0.0, 0.0, 0.0, 0.0, 0.0, 0.0, 0.0, 0.0, 0.0, 0.0, 0.0, 0.0, 0.0, 0.0, 0.0, 0.0, 0.0, 0.0, 0.0, 0.0, 0.0, 0.0, 0.0, 0.0, 0.0, 0.0, 0.0, 0.0, 0.0, 0.0, 0.0, 0.0, 0.0, 0.0, 0.0, 0.0, 0.0, 0.0, 0.0, 0.0, 0.0, 0.0, 0.0, 0.0, 0.0, 0.0, 0.0, 0.0, 0.0, 0.0, 0.0, 0.0, 0.0, 0.0, 0.0, 0.0, 0.0, 0.0, 0.0, 0.0, 0.0, 0.0, 0.0, 0.0, 0.0, 0.0, 0.0, 0.0, 0.0, 0.0, 0.0, 0.0, 0.0, 0.0, 0.0, 0.0, 0.0, 0.0, 0.0, 0.0, 0.0, 0.0, 0.0, 0.0, 0.0, 0.0, 0.0, 0.0, 0.0, 0.0, 0.0, 0.0, 0.0, 0.0, 0.0, 0.0, 0.0, 0.0, 0.0, 0.0, 0.0, 0.0, 0.0, 0.0, 0.0, 0.0, 0.0, 0.0, 0.0, 0.0, 0.0, 0.0, 0.0, 0.0, 0.0, 0.0, 0.0, 0.0, 0.0, 0.0, 0.0, 0.0, 0.0, 0.0, 0.0, 0.0, 0.0, 0.0, 0.0, 0.0, 0.0, 0.0, 0.0, 0.0, 0.0, 0.0, 0.0, 0.0, 0.0, 0.0, 0.0, 0.0, 0.0, 0.0, 0.0, 0.0, 0.0, 0.0, 0.0, 0.0, 0.0, 0.0, 0.0, 0.0, 0.0, 0.0, 0.0, 0.0, 0.0, 0.0, 0.0, 0.0, 0.0, 0.0, 0.0, 0.0, 0.0, 0.0, 0.0, 0.0, 0.0, 0.0, 0.0, 0.0, 0.0, 0.0, 0.0, 0.0, 0.0, 0.0, 0.0, 0.0, 0.0, 0.0, 0.0, 0.0, 0.0, 0.0, 0.0, 0.0, 0.0, 0.0, 0.0, 0.0, 0.0, 0.0, 0.0, 0.0, 0.0, 0.0, 0.0, 0.0, 0.0, 0.0, 0.0, 0.0, 0.0, 0.0, 0.0, 0.0, 0.0, 0.0, 0.0, 0.0, 0.0, 0.0, 0.0, 0.0, 0.0, 0.0, 0.0, 0.0, 0.0, 0.0, 0.0, 0.0, 0.0, 0.0, 0.0, 0.0, 0.0, 0.0, 0.0, 0.0, 0.0, 0.0, 0.0, 0.0, 0.0, 0.0, 0.0, 0.0, 0.0, 0.0, 0.0, 0.0, 0.0, 0.0, 0.0, 0.0, 0.0, 0.0, 0.0, 0.0, 0.0, 0.0, 0.0, 0.0, 0.0, 0.0, 0.0, 0.0, 0.0, 0.0, 0.0, 0.0, 0.0, 0.0, 0.0, 0.0, 0.0, 0.0, 0.0, 0.0, 0.0, 0.0, 0.0, 0.0, 0.0, 0.0, 0.0, 0.0, 0.0, 0.0, 0.0, 0.0, 0.0, 0.0, 0.0, 0.0, 0.0, 0.0, 0.0, 0.0, 0.0, 0.0, 0.0, 0.0, 0.0, 0.0, 0.0, 0.0, 0.0, 0.0, 0.0, 0.0, 0.0, 0.0, 0.0, 0.0, 0.0, 0.0, 0.0, 0.0, 0.0, 0.0, 0.0, 0.0, 0.0, 0.0, 0.0, 0.0, 0.0, 0.0, 0.0, 0.0, 0.0, 0.0, 0.0, 0.0, 0.0, 0.0, 0.0, 0.0, 0.0, 0.0, 0.0, 0.0, 0.0, 0.0, 0.0, 0.0, 0.0, 0.0, 0.0, 0.0, 0.0, 0.0, 0.0, 0.0, 0.0, 0.0, 0.0, 0.0, 0.0, 0.0, 0.0, 0.0, 0.0, 0.0, 0.0, 0.0, 0.0, 0.0, 0.0, 0.0, 0.0, 0.0, 0.0, 0.0, 0.0, 0.0, 0.0, 0.0, 0.0, 0.0, 0.0, 0.0, 0.0, 0.0, 0.0, 0.0, 0.0, 0.0, 0.0, 0.0, 0.0, 0.0, 0.0, 0.0, 0.0, 0.0, 0.0, 0.0, 0.0, 0.0, 0.0, 0.0, 0.0, 0.0, 0.0, 0.0, 0.0, 0.0, 0.0, 0.0, 0.0, 0.0, 0.0, 0.0, 0.0, 0.0, 0.0, 0.0, 0.0, 0.0, 0.0, 0.0, 0.0, 0.0, 0.0, 0.0, 0.0, 0.0, 0.0, 0.0, 0.0, 0.0, 0.0, 0.0, 0.0, 0.0, 0.0, 0.0, 0.0, 0.0, 0.0, 0.0, 0.0, 0.0, 0.0, 0.0, 0.0, 0.0, 0.0, 0.0, 0.0, 0.0, 0.0, 0.0, 0.0, 0.0, 0.0, 0.0, 0.0, 0.0, 0.0, 0.0, 0.0, 0.0, 0.0, 0.0, 0.0, 0.0, 0.0, 0.0, 0.0, 0.0, 0.0, 0.0, 0.0, 0.0, 0.0, 0.0, 0.0, 0.0, 0.0, 0.0, 0.0, 0.0, 0.0, 0.0, 0.0, 0.0, 0.0, 0.0, 0.0, 0.0, 0.0, 0.0, 0.0, 0.0, 0.0, 0.0, 0.0, 0.0, 0.0, 0.0, 0.0, 0.0, 0.0, 0.0, 0.0, 0.0, 0.0, 0.0, 0.0, 0.0, 0.0, 0.0, 0.0, 0.0, 0.0, 0.0, 0.0, 0.0, 0.0, 0.0, 0.0, 0.0, 0.0, 0.0, 0.0, 0.0, 0.0, 0.0, 0.0, 0.0, 0.0, 0.0, 0.0, 0.0, 0.0, 0.0, 0.0, 0.0, 0.0, 0.0, 0.0, 0.0, 0.0, 0.0, 0.0, 0.0, 0.0, 0.0, 0.0, 0.0, 0.0, 0.0, 0.0, 0.0, 0.0, 0.0, 0.0, 0.0, 0.0, 0.0, 0.0, 0.0, 0.0, 0.0, 0.0, 0.0, 0.0, 0.0, 0.0, 0.0, 0.0, 0.0, 0.0, 0.0, 0.0, 0.0, 0.0, 0.0, 0.0, 0.0, 0.0, 0.0, 0.0, 0.0, 0.0, 0.0, 0.0, 0.0, 0.0, 0.0, 0.0, 0.0, 0.0, 0.0, 0.0, 0.0, 0.0, 0.0, 0.0, 0.0, 0.0, 0.0, 0.0, 0.0, 0.0, 0.0, 0.0, 0.0, 0.0, 0.0, 0.0, 0.0, 0.0, 0.0, 0.0, 0.0, 0.0, 0.0, 0.0, 0.0, 0.0, 0.0, 0.0, 0.0, 0.0, 0.0, 0.0, 0.0, 0.0, 0.0, 0.0, 0.0, 0.0, 0.0, 0.0, 0.0, 0.0, 0.0, 0.0, 0.0, 0.0, 0.0, 0.0, 0.0, 0.0, 0.0, 0.0, 0.0, 0.0, 0.0, 0.0, 0.0, 0.0, 0.0, 0.0, 0.0, 0.0, 0.0, 0.0, 0.0, 0.0, 0.0, 0.0, 0.0, 0.0, 0.0, 0.0, 0.0, 0.0, 0.0, 0.0, 0.0, 0.0, 0.0, 0.0, 0.0, 0.0, 0.0, 0.0, 0.0, 0.0, 0.0, 0.0, 0.0, 0.0, 0.0, 0.0, 0.0, 0.0, 0.0, 0.0, 0.0, 0.0, 0.0, 0.0, 0.0, 0.0, 0.0, 0.0, 0.0, 0.0, 0.0, 0.0, 0.0, 0.0, 0.0, 0.0, 0.0, 0.0, 0.0, 0.0, 0.0, 0.0, 0.0, 0.0, 0.0, 0.0, 0.0, 0.0, 0.0, 0.0, 0.0, 0.0, 0.0, 0.0, 0.0, 0.0, 0.0, 0.0, 0.0, 0.0, 0.0, 0.0, 0.0, 0.0, 0.0, 0.0, 0.0, 0.0, 0.0, 0.0, 0.0, 0.0, 0.0, 0.0, 0.0, 0.0, 0.0, 0.0, 0.0, 0.0, 0.0, 0.0, 0.0, 0.0, 0.0, 0.0, 0.0, 0.0, 0.0, 0.0, 0.0, 0.0, 0.0, 0.0, 0.0, 0.0, 0.0, 0.0, 0.0, 0.0, 0.0, 0.0, 0.0, 0.0, 0.0, 0.0, 0.0, 0.0, 0.0, 0.0, 0.0, 0.0, 0.0, 0.0, 0.0, 0.0, 0.0, 0.0, 0.0, 0.0, 0.0, 0.0, 0.0, 0.0, 0.0, 0.0, 0.0, 0.0, 0.0, 0.0, 0.0, 0.0, 0.0, 0.0, 0.0, 0.0, 0.0, 0.0, 0.0, 0.0, 0.0, 0.0, 0.0, 0.0, 0.0, 0.0, 0.0, 0.0, 0.0, 0.0, 0.0, 0.0, 0.0, 0.0, 0.0, 0.0, 0.0, 0.0, 0.0, 0.0, 0.0, 0.0, 0.0, 0.0, 0.0, 0.0, 0.0, 0.0, 0.0, 0.0, 0.0, 0.0, 0.0, 0.0, 0.0, 0.0, 0.0, 0.0, 0.0, 0.0, 0.0, 0.0, 0.0, 0.0, 0.0, 0.0, 0.0, 0.0, 0.0, 0.0, 0.0, 0.0, 0.0, 0.0, 0.0, 0.0, 0.0, 0.0, 0.0, 0.0, 0.0, 0.0, 0.0, 0.0, 0.0, 0.0, 0.0, 0.0, 0.0, 0.0, 0.0, 0.0, 0.0, 0.0, 0.0, 0.0, 0.0, 0.0, 0.0, 0.0, 0.0, 0.0, 0.0, 0.0, 0.0, 0.0, 0.0, 0.0, 0.0, 0.0, 0.0, 0.0, 0.0, 0.0, 0.0, 0.0, 0.0, 0.0, 0.0, 0.0, 0.0, 0.0, 0.0, 0.0, 0.0, 0.0, 0.0, 0.0, 0.0, 0.0, 0.0, 0.0, 0.0, 0.0, 0.0, 0.0, 0.0, 0.0, 0.0, 0.0, 0.0, 0.0, 0.0, 0.0, 0.0, 0.0, 0.0, 0.0, 0.0, 0.0, 0.0, 0.0, 0.0, 0.0, 0.0, 0.0, 0.0, 0.0, 0.0, 0.0, 0.0, 0.0, 0.0, 0.0, 0.0, 0.0, 0.0, 0.0, 0.0, 0.0, 0.0, 0.0, 0.0, 0.0, 0.0, 0.0, 0.0, 0.0, 0.0, 0.0, 0.0, 0.0, 0.0, 0.0, 0.0, 0.0, 0.0, 0.0, 0.0, 0.0, 0.0, 0.0, 0.0, 0.0, 0.0, 0.0, 0.0, 0.0, 0.0, 0.0, 0.0, 0.0, 0.0, 0.0, 0.0, 0.0, 0.0, 0.0, 0.0, 0.0, 0.0, 0.0, 0.0, 0.0, 0.0, 0.0, 0.0, 0.0, 0.0, 0.0, 0.0, 0.0, 0.0, 0.0, 0.0, 0.0, 0.0, 0.0, 0.0, 0.0, 0.0, 0.0, 0.0, 0.0, 0.0, 0.0, 0.0, 0.0, 0.0, 0.0, 0.0, 0.0, 0.0, 0.0, 0.0, 0.0, 0.0, 5.081974086351693e-05, 4.855244333157316e-05, 4.628514579962939e-05, 4.401784826768562e-05, 4.1750550735741854e-05, 3.9483253203798085e-05, 3.721595567185432e-05, 3.494865813991055e-05, 3.268136060796678e-05, 3.0414064895012416e-05, 0.0006377375102601945, 0.000635470321867615, 0.0006332031334750354, 0.0006309359450824559, 0.0006911661475896835, 0.0009319381788372993, 0.00132466247305274, 0.0016798271099105477, 0.0021215793676674366, 0.002494014333933592, 0.001593426102772355, 0.0019216251093894243, 0.0023335947189480066, 0.0026968822348862886, 0.002989592030644417, 0.003122967202216387, 0.0031678304076194763, 0.003135909326374531, 0.0031595961190760136, 0.003168408526107669, 0.00267841131426394, 0.003114742459729314, 0.003191540716215968, 0.0031913749407976866, 0.0032429436687380075, 0.0033420168329030275, 0.0035157976672053337, 0.0035942052491009235, 0.0037050959654152393, 0.003721061162650585, 0.0034326070453971624, 0.003581855446100235, 0.003708828007802367, 0.00378609960898757, 0.0037980976048856974, 0.0038173373322933912, 0.003843767801299691, 0.003884484525769949, 0.003913083113729954, 0.004049175418913364, 0.0038698622956871986, 0.004057916346937418, 0.0041218101978302, 0.004194050561636686, 0.004261513706296682, 0.0042930240742862225, 0.004327197093516588, 0.004354133270680904, 0.004371808376163244, 0.00439493590965867, 0.004167480394244194, 0.004448627587407827, 0.004504823125898838, 0.004483900964260101, 0.004536917433142662, 0.004614412318915129, 0.004688350949436426, 0.004761682823300362, 0.0047974432818591595, 0.004827851429581642, 0.004659508354961872, 0.004961203318089247, 0.0049119386821985245, 0.00442363740876317, 0.0048960172571241856, 0.0049698990769684315, 0.004977332428097725, 0.005021337419748306, 0.005122358910739422, 0.0051918174140155315, 0.0052641951479017735, 0.005335613619536161, 0.005370274651795626, 0.00475655822083354, 0.005272957030683756, 0.005381253082305193, 0.005404905416071415, 0.005403491668403149, 0.005426694173365831, 0.005469513591378927, 0.0055571189150214195, 0.005621444433927536, 0.005688935052603483, 0.005185714457184076, 0.005720490124076605, 0.00589128490537405, 0.005803459323942661, 0.005833585746586323, 0.005942215211689472, 0.005935723893344402, 0.005965592805296183, 0.006000002846121788, 0.006060261745005846, 0.005605241749435663, 0.0061894855462014675, 0.00633683055639267, 0.006282915361225605, 0.0063119432888925076, 0.006358475890010595, 0.006411879789084196, 0.00646720826625824, 0.0065178656950592995, 0.006459709256887436, 0.005894253961741924, 0.0064782872796058655, 0.006642546970397234, 0.006647262256592512, 0.006665456108748913, 0.0067015765234827995, 0.006750799249857664, 0.006804514676332474, 0.006859991699457169, 0.006915793288499117, 0.006297942716628313, 0.006843783892691135, 0.006900424137711525, 0.006893345154821873, 0.006903763860464096, 0.006928568240255117, 0.006960034370422363, 0.006996965501457453, 0.00704531604424119, 0.007100235670804977, 0.006530245766043663, 0.007069771643728018, 0.007260690908879042, 0.007272399961948395, 0.007278996054083109, 0.007310476619750261, 0.007349212188273668, 0.007389961741864681, 0.007429754827171564, 0.007468115072697401, 0.006774905603379011, 0.0073033282533288, 0.007434663828462362, 0.007485572248697281, 0.007508968934416771, 0.007550036534667015, 0.007593588903546333, 0.007636328227818012, 0.007677264511585236, 0.007716286927461624, 0.007097180001437664, 0.007710159756243229, 0.007885168306529522, 0.00794928427785635, 0.00796397216618061, 0.007997851818799973, 0.00803893618285656, 0.008083255961537361, 0.008128213696181774, 0.008172314614057541, 0.007260337937623262, 0.007834135554730892, 0.008051092736423016, 0.008097590878605843, 0.00809421669691801, 0.00811461266130209, 0.008140211924910545, 0.008166909217834473, 0.008194148540496826, 0.00822110753506422, 0.007636385969817638, 0.008092113770544529, 0.008339951746165752, 0.008416203781962395, 0.008566023781895638, 0.008567373268306255, 0.00858217105269432, 0.008603340946137905, 0.008627642877399921, 0.008653256110846996, 0.00783472042530775, 0.008489987812936306, 0.008738416247069836, 0.008833631873130798, 0.00880390778183937, 0.008809803053736687, 0.008823160082101822, 0.00884426012635231, 0.008864402770996094, 0.008884318172931671, 0.008045067079365253, 0.008760880678892136, 0.008735211566090584, 0.008806453086435795, 0.008764988742768764, 0.008766951970756054, 0.00877970177680254, 0.008797266520559788, 0.008817482739686966, 0.008838659152388573, 0.008265860378742218, 0.008731878362596035, 0.008960806764662266, 0.009018554352223873, 0.008994081057608128, 0.009015320800244808, 0.009029696695506573, 0.00904150865972042, 0.009054163470864296, 0.009068160317838192, 0.00835771020501852, 0.00940217636525631, 0.009624569676816463, 0.00963608082383871, 0.009575760923326015, 0.009564504027366638, 0.00956775899976492, 0.009577646851539612, 0.009591818787157536, 0.009607689455151558, 0.008575566112995148, 0.009543200023472309, 0.009815548546612263, 0.009872645139694214, 0.009582416154444218, 0.009499135427176952, 0.009502549655735493, 0.009508682414889336, 0.009516187943518162, 0.0095221484079957, 0.008796301670372486, 0.00986521877348423, 0.010038604959845543, 0.010126492939889431, 0.010048882104456425, 0.010050092823803425, 0.010057984851300716, 0.010067795403301716, 0.01008436270058155, 0.010090417228639126, 0.009033897891640663, 0.010130856186151505, 0.010275011882185936, 0.010294081643223763, 0.010208651423454285, 0.01019162219017744, 0.010191649198532104, 0.010197938419878483, 0.010208122432231903, 0.010219812393188477, 0.009153328835964203, 0.009877776727080345, 0.010427816770970821, 0.010522047057747841, 0.010227834805846214, 0.010243061929941177, 0.010252011008560658, 0.010267158038914204, 0.010281353257596493, 0.010297168046236038, 0.00965145044028759, 0.010521722957491875, 0.010690707713365555, 0.010771001689136028, 0.010754654183983803, 0.010754963383078575, 0.010744079016149044, 0.010772811248898506, 0.010801599361002445, 0.0108220549300313, 0.009888103231787682, 0.010768461972475052, 0.010985856875777245, 0.011070872657001019, 0.011071166023612022, 0.011051295325160027, 0.01105352770537138, 0.0110535379499197, 0.011068889871239662, 0.011067439801990986, 0.010089153423905373, 0.010722191073000431, 0.010800354182720184, 0.010845531709492207, 0.011270968243479729, 0.011047017760574818, 0.010882431641221046, 0.01087498664855957, 0.010869032703340054, 0.01087870355695486, 0.010669931769371033, 0.011364713311195374, 0.011568720452487469, 0.011646733619272709, 0.01132266130298376, 0.011660103686153889, 0.01168071385473013, 0.011696486733853817, 0.011710168793797493, 0.01167117990553379, 0.010809563100337982, 0.011285878717899323, 0.011495791375637054, 0.011742189526557922, 0.011626147665083408, 0.011504735797643661, 0.01147992629557848, 0.01173786073923111, 0.01161663606762886, 0.011607442982494831], "POI_sum_timeserie": [0.0, 0.0, 0.0, 0.0, 0.0, 0.0, 0.0, 0.0, 0.0, 0.0, 0.0, 0.0, 0.0, 0.0, 0.0, 0.0, 0.0, 0.0, 0.0, 0.0, 0.0, 0.0, 0.0, 0.0, 0.0, 0.0, 0.0, 0.0, 0.0, 0.0, 0.0, 0.0, 0.0, 0.0, 0.0, 0.0, 0.0, 0.0, 0.0, 0.0, 0.0, 0.0, 0.0, 0.0, 0.0, 0.0, 0.0, 0.0, 0.0, 0.0, 0.0, 0.0, 0.0, 0.0, 0.0, 0.0, 0.0, 0.0, 0.0, 0.0, 0.0, 0.0, 0.0, 0.0, 0.0, 0.0, 0.0, 0.0, 0.0, 0.0, 0.0, 0.0, 0.0, 0.0, 0.0, 0.0, 0.0, 0.0, 0.0, 0.0, 0.0, 0.0, 0.0, 0.0, 0.0, 0.0, 0.0, 0.0, 0.0, 0.0, 0.0, 0.0, 0.0, 0.0, 0.0, 0.0, 0.0, 0.0, 0.0, 0.0, 0.0, 0.0, 0.0, 0.0, 0.0, 0.0, 0.0, 0.0, 0.0, 0.0, 0.0, 0.0, 0.0, 0.0, 0.0, 0.0, 0.0, 0.0, 0.0, 0.0, 0.0, 0.0, 0.0, 0.0, 0.0, 0.0, 0.0, 0.0, 0.0, 0.0, 0.0, 0.0, 0.0, 0.0, 0.0, 0.0, 0.0, 0.0, 0.0, 0.0, 0.0, 0.0, 0.0, 0.0, 0.0, 0.0, 0.0, 0.0, 0.0, 0.0, 0.0, 0.0, 0.0, 0.0, 0.0, 0.0, 0.0, 0.0, 0.0, 0.0, 0.0, 0.0, 0.0, 0.0, 0.0, 0.0, 0.0, 0.0, 0.0, 0.0, 0.0, 0.0, 0.0, 0.0, 0.0, 0.0, 0.0, 0.0, 0.0, 0.0, 0.0, 0.0, 0.0, 0.0, 0.0, 0.0, 0.0, 0.0, 0.0, 0.0, 0.0, 0.0, 0.0, 0.0, 0.0, 0.0, 0.0, 0.0, 0.0, 0.0, 0.0, 0.0, 0.0, 0.0, 0.0, 0.0, 0.0, 0.0, 0.0, 0.0, 0.0, 0.0, 0.0, 0.0, 0.0, 0.0, 0.0, 0.0, 0.0, 0.0, 0.0, 0.0, 0.0, 0.0, 0.0, 0.0, 0.0, 0.0, 0.0, 0.0, 0.0, 0.0, 0.0, 0.0, 0.0, 0.0, 0.0, 0.0, 0.0, 0.0, 0.0, 0.0, 0.0, 0.0, 0.0, 0.0, 0.0, 0.0, 0.0, 0.0, 0.0, 0.0, 0.0, 0.0, 0.0, 0.0, 0.0, 0.0, 0.0, 0.0, 0.0, 0.0, 0.0, 0.0, 0.0, 0.0, 0.0, 0.0, 0.0, 0.0, 0.0, 0.0, 0.0, 0.0, 0.0, 0.0, 0.0, 0.0, 0.0, 0.0, 0.0, 0.0, 0.0, 0.0, 0.0, 0.0, 0.0, 0.0, 0.0, 0.0, 0.0, 0.0, 0.0, 0.0, 0.0, 0.0, 0.0, 0.0, 0.0, 0.0, 0.0, 0.0, 0.0, 0.0, 0.0, 0.0, 0.0, 0.0, 0.0, 0.0, 0.0, 0.0, 0.0, 0.0, 0.0, 0.0, 0.0, 0.0, 0.0, 0.0, 0.0, 0.0, 0.0, 0.0, 0.0, 0.0, 0.0, 0.0, 0.0, 0.0, 0.0, 0.0, 0.0, 0.0, 0.0, 0.0, 0.0, 0.0, 0.0, 0.0, 0.0, 0.0, 0.0, 0.0, 0.0, 0.0, 0.0, 0.0, 0.0, 0.0, 0.0, 0.0, 0.0, 0.0, 0.0, 0.0, 0.0, 0.0, 0.0, 0.0, 0.0, 0.0, 0.0, 0.0, 0.0, 0.0, 0.0, 0.0, 0.0, 0.0, 0.0, 0.0, 0.0, 0.0, 0.0, 0.0, 0.0, 0.0, 0.0, 0.0, 0.0, 0.0, 0.0, 0.0, 0.0, 0.0, 0.0, 0.0, 0.0, 0.0, 0.0, 0.0, 0.0, 0.0, 0.0, 0.0, 0.0, 0.0, 0.0, 0.0, 0.0, 0.0, 0.0, 0.0, 0.0, 0.0, 0.0, 0.0, 0.0, 0.0, 0.0, 0.0, 0.0, 0.0, 0.0, 0.0, 0.0, 0.0, 0.0, 0.0, 0.0, 0.0, 0.0, 0.0, 0.0, 0.0, 0.0, 0.0, 0.0, 0.0, 0.0, 0.0, 0.0, 0.0, 0.0, 0.0, 0.0, 0.0, 0.0, 0.0, 0.0, 0.0, 0.0, 0.0, 0.0, 0.0, 0.0, 0.0, 0.0, 0.0, 0.0, 0.0, 0.0, 0.0, 0.0, 0.0, 0.0, 0.0, 0.0, 0.0, 0.0, 0.0, 0.0, 0.0, 0.0, 0.0, 0.0, 0.0, 0.0, 0.0, 0.0, 0.0, 0.0, 0.0, 0.0, 0.0, 0.0, 0.0, 0.0, 0.0, 0.0, 0.0, 0.0, 0.0, 0.0, 0.0, 0.0, 0.0, 0.0, 0.0, 0.0, 0.0, 0.0, 0.0, 0.0, 0.0, 0.0, 0.0, 0.0, 0.0, 0.0, 0.0, 0.0, 0.0, 0.0, 0.0, 0.0, 0.0, 0.0, 0.0, 0.0, 0.0, 0.0, 0.0, 0.0, 0.0, 0.0, 0.0, 0.0, 0.0, 0.0, 0.0, 0.0, 0.0, 0.0, 0.0, 0.0, 0.0, 0.0, 0.0, 0.0, 0.0, 0.0, 0.0, 0.0, 0.0, 0.0, 0.0, 0.0, 0.0, 0.0, 0.0, 0.0, 0.0, 0.0, 0.0, 0.0, 0.0, 0.0, 0.0, 0.0, 0.0, 0.0, 0.0, 0.0, 0.0, 0.0, 0.0, 0.0, 0.0, 0.0, 0.0, 0.0, 0.0, 0.0, 0.0, 0.0, 0.0, 0.0, 0.0, 0.0, 0.0, 0.0, 0.0, 0.0, 0.0, 0.0, 0.0, 0.0, 0.0, 0.0, 0.0, 0.0, 0.0, 0.0, 0.0, 0.0, 0.0, 0.0, 0.0, 0.0, 0.0, 0.0, 0.0, 0.0, 0.0, 0.0, 0.0, 0.0, 0.0, 0.0, 0.0, 0.0, 0.0, 0.0, 0.0, 0.0, 0.0, 0.0, 0.0, 0.0, 0.0, 0.0, 0.0, 0.0, 0.0, 0.0, 0.0, 0.0, 0.0, 0.0, 0.0, 0.0, 0.0, 0.0, 0.0, 0.0, 0.0, 0.0, 0.0, 0.0, 0.0, 0.0, 0.0, 0.0, 0.0, 0.0, 0.0, 0.0, 0.0, 0.0, 0.0, 0.0, 0.0, 0.0, 0.0, 0.0, 0.0, 0.0, 0.0, 0.0, 0.0, 0.0, 0.0, 0.0, 0.0, 0.0, 0.0, 0.0, 0.0, 0.0, 0.0, 0.0, 0.0, 0.0, 0.0, 0.0, 0.0, 0.0, 0.0, 0.0, 0.0, 0.0, 0.0, 0.0, 0.0, 0.0, 0.0, 0.0, 0.0, 0.0, 0.0, 0.0, 0.0, 0.0, 0.0, 0.0, 0.0, 0.0, 0.0, 0.0, 0.0, 0.0, 0.0, 0.0, 0.0, 0.0, 0.0, 0.0, 0.0, 0.0, 0.0, 0.0, 0.0, 0.0, 0.0, 0.0, 0.0, 0.0, 0.0, 0.0, 0.0, 0.0, 0.0, 0.0, 0.0, 0.0, 0.0, 0.0, 0.0, 0.0, 0.0, 0.0, 0.0, 0.0, 0.0, 0.0, 0.0, 0.0, 0.0, 0.0, 0.0, 0.0, 0.0, 0.0, 0.0, 0.0, 0.0, 0.0, 0.0, 0.0, 0.0, 0.0, 0.0, 0.0, 0.0, 0.0, 0.0, 0.0, 0.0, 0.0, 0.0, 0.0, 0.0, 0.0, 0.0, 0.0, 0.0, 0.0, 0.0, 0.0, 0.0, 0.0, 0.0, 0.0, 0.0, 0.0, 0.0, 0.0, 0.0, 0.0, 0.0, 0.0, 0.0, 0.0, 0.0, 0.0, 0.0, 0.0, 0.0, 0.0, 0.0, 0.0, 0.0, 0.0, 0.0, 0.0, 0.0, 0.0, 0.0, 0.0, 0.0, 0.0, 0.0, 0.0, 0.0, 0.0, 0.0, 0.0, 0.0, 0.0, 0.0, 0.0, 0.0, 0.0, 0.0, 0.0, 0.0, 0.0, 0.0, 0.0, 0.0, 0.0, 0.0, 0.0, 0.0, 0.0, 0.0, 0.0, 0.0, 0.0, 0.0, 0.0, 0.0, 0.0, 0.0, 0.0, 0.0, 0.0, 0.0, 0.0, 0.0, 0.0, 0.0, 0.0, 0.0, 0.0, 0.0, 0.0, 0.0, 0.0, 0.0, 0.0, 0.0, 0.0, 0.0, 0.0, 0.0, 0.0, 0.0, 0.0, 0.0, 0.0, 0.0, 0.0, 0.0, 0.0, 0.0, 0.0, 0.0, 0.0, 0.0, 0.0, 0.0, 0.0, 0.0, 0.0, 0.0, 0.0, 0.0, 0.0, 0.0, 0.0, 0.0, 0.0, 0.0, 0.0, 0.0, 0.0, 0.0, 0.0, 0.0, 0.0, 0.0, 0.0, 0.0, 0.0, 0.0, 0.0, 0.0, 0.0, 0.0, 0.0, 0.0, 0.0, 0.0, 0.0, 0.0, 0.0, 0.0, 0.0, 0.0, 0.0, 0.0, 0.0, 0.0, 0.0, 0.0, 0.0, 0.0, 0.0, 0.0, 0.0, 0.0, 0.0, 0.0, 0.0, 0.0, 0.0, 0.0, 0.0, 0.0, 0.0, 0.0, 0.0, 0.0, 0.0, 0.0, 0.0, 0.0, 0.0, 0.0, 0.0, 0.0, 0.0, 0.0, 0.0, 0.0, 0.0, 0.0, 0.0, 0.0, 0.0, 0.0, 0.0, 0.0, 0.0, 0.0, 0.0, 0.0, 0.0, 0.0, 0.0, 0.0, 0.0, 0.0, 0.0, 0.0, 0.0, 0.0, 0.0, 0.0, 0.0, 0.0, 0.0, 0.0, 0.0, 0.0, 0.0, 0.0, 0.0, 0.0, 0.0, 0.0, 0.0, 0.0, 0.0, 0.0, 0.0, 0.0, 0.0, 0.0, 0.0, 0.0, 0.0, 0.0, 0.0, 0.0, 0.0, 0.0, 0.0, 0.0, 0.0, 0.0, 0.0, 0.0, 0.0, 0.0, 0.0, 0.0, 0.0, 0.0, 0.0, 0.0, 0.0, 0.0, 0.0, 0.0, 0.0, 0.0, 0.0, 0.0, 0.0, 0.0, 0.0, 0.0, 0.0, 0.0, 0.0, 0.0, 0.0, 0.0, 0.0, 0.0, 0.0, 0.0, 0.0, 0.0, 0.0, 0.0, 0.0, 0.0, 0.0, 0.0, 0.0, 0.0, 0.0, 0.0, 0.0, 0.0, 0.0, 0.0, 0.0, 0.0, 0.0, 0.0, 0.0, 0.0, 0.0, 0.0, 0.0, 0.0, 0.0, 0.0, 0.0, 0.0, 0.0, 0.0, 0.0, 0.0, 0.0, 0.0, 0.0, 6.853022205177695e-05, 6.399564153980464e-05, 5.9461068303789943e-05, 5.4926487791817635e-05, 5.039191455580294e-05, 4.585733404383063e-05, 4.1322753531858325e-05, 3.678817301988602e-05, 3.268136060796678e-05, 3.0414064895012416e-05, 0.0009040947770699859, 0.0008995604002848268, 0.0008950260234996676, 0.0008904916467145085, 0.0009484546026214957, 0.001186959445476532, 0.0015774165512993932, 0.0019303139997646213, 0.0023697991855442524, 0.0027399668470025063, 0.002300047315657139, 0.0026259790174663067, 0.0030356813222169876, 0.003396701766178012, 0.0036871442571282387, 0.003818252356722951, 0.0038608484901487827, 0.003826660104095936, 0.003848079591989517, 0.003854624927043915, 0.0036687436513602734, 0.004102807026356459, 0.004177337512373924, 0.004174903966486454, 0.004224204923957586, 0.004321010317653418, 0.004492523148655891, 0.004568663891404867, 0.004677287302911282, 0.004690985195338726, 0.004517094232141972, 0.004556866828352213, 0.004681572318077087, 0.004756576381623745, 0.004766307305544615, 0.004783280193805695, 0.004807443358004093, 0.004845893010497093, 0.004872224293649197, 0.005006049294024706, 0.005067858844995499, 0.005049293860793114, 0.00511091947555542, 0.005180892534554005, 0.005246087908744812, 0.005275330506265163, 0.0053072357550263405, 0.005331903696060181, 0.005347311496734619, 0.005368171725422144, 0.005442728288471699, 0.005445871036499739, 0.005499798804521561, 0.005476608872413635, 0.005527357570827007, 0.005602584686130285, 0.005674255546182394, 0.005745319649577141, 0.00577881233766675, 0.005806952714920044, 0.006020191125571728, 0.005990732926875353, 0.005887629464268684, 0.006038817577064037, 0.0060903457924723625, 0.005959320813417435, 0.005964485928416252, 0.006006223149597645, 0.006104976870119572, 0.00617216806858778, 0.006242278032004833, 0.0063114287331700325, 0.006343822460621595, 0.006475058849900961, 0.006532481871545315, 0.006367936730384827, 0.00638932129368186, 0.006385639775544405, 0.006406574510037899, 0.006447126157581806, 0.006532464176416397, 0.006594522390514612, 0.006659745704382658, 0.006990903988480568, 0.007034084759652615, 0.006889533717185259, 0.006799440365284681, 0.006827299017459154, 0.006933660712093115, 0.006924901623278856, 0.006952502764761448, 0.006984645035117865, 0.007042636163532734, 0.007499044761061668, 0.007557706907391548, 0.007371685933321714, 0.007263533771038055, 0.007290294393897057, 0.007334559224545956, 0.007385695818811655, 0.007438756991177797, 0.007487147580832243, 0.007426723837852478, 0.007854280062019825, 0.00788693968206644, 0.0077039217576384544, 0.007627229206264019, 0.007643155287951231, 0.007677007932215929, 0.0077239638194441795, 0.007775411941111088, 0.007828622125089169, 0.007882156409323215, 0.008340779691934586, 0.008302589878439903, 0.007994506508111954, 0.007877075113356113, 0.007885226048529148, 0.007907763123512268, 0.007936961017549038, 0.007971624843776226, 0.00801770854741335, 0.008070360869169235, 0.008640316314995289, 0.008568927645683289, 0.008380912244319916, 0.008253263309597969, 0.008257592096924782, 0.008286804892122746, 0.008323273621499538, 0.00836175587028265, 0.008399281650781631, 0.008435375057160854, 0.008961450308561325, 0.008848005905747414, 0.008584202267229557, 0.00846561137586832, 0.008486740291118622, 0.008525540120899677, 0.008566825650632381, 0.008607298135757446, 0.008645966649055481, 0.008682722225785255, 0.009334612637758255, 0.009284919127821922, 0.00905398465692997, 0.008944517001509666, 0.008956937119364738, 0.008988549001514912, 0.00902736559510231, 0.009069417603313923, 0.009112107567489147, 0.009153940714895725, 0.009560979902744293, 0.009445956908166409, 0.00924351904541254, 0.009085922501981258, 0.009080280549824238, 0.009098408743739128, 0.009121740236878395, 0.009146169759333134, 0.009171141311526299, 0.009195833466947079, 0.009982917457818985, 0.009730769321322441, 0.009549444541335106, 0.00939246080815792, 0.00954001396894455, 0.009539096616208553, 0.00955162663012743, 0.0095705296844244, 0.009592564776539803, 0.009615910239517689, 0.010226010344922543, 0.010154602117836475, 0.009964317083358765, 0.009821784682571888, 0.009789792820811272, 0.009793420322239399, 0.009804509580135345, 0.009823341853916645, 0.00984121672809124, 0.009858865290880203, 0.01048183348029852, 0.010451780632138252, 0.009977690875530243, 0.00978168472647667, 0.00973795261234045, 0.009737649001181126, 0.009748131036758423, 0.009763428941369057, 0.00978137832134962, 0.009800286963582039, 0.010743100196123123, 0.010446066968142986, 0.010217927396297455, 0.010003969073295593, 0.009977228008210659, 0.009996199980378151, 0.010008308105170727, 0.010017852298915386, 0.010028240270912647, 0.010039969347417355, 0.010883000679314137, 0.011143858544528484, 0.010898904874920845, 0.010633712634444237, 0.010571124963462353, 0.010557600297033787, 0.01055858749896288, 0.010566207580268383, 0.010578111745417118, 0.010591714642941952, 0.011152193881571293, 0.011314070783555508, 0.011108076199889183, 0.010857298970222473, 0.010564802214503288, 0.010479254648089409, 0.010480400174856186, 0.010484266094863415, 0.010489503853023052, 0.010493197478353977, 0.011415062472224236, 0.01166000496596098, 0.011346028186380863, 0.011121331714093685, 0.01104145310819149, 0.011040396057069302, 0.011046020314097404, 0.011053563095629215, 0.011067862622439861, 0.011071649380028248, 0.011703712865710258, 0.011954362504184246, 0.011600200086832047, 0.011300682090222836, 0.011187567375600338, 0.011168270371854305, 0.011166030541062355, 0.011170051991939545, 0.01117796916514635, 0.011187391355633736, 0.011848901398479939, 0.011715753003954887, 0.011761951260268688, 0.011534567922353745, 0.01121244765818119, 0.01122540608048439, 0.011232087388634682, 0.011244967579841614, 0.011256895028054714, 0.011270442046225071, 0.012412204407155514, 0.012396168895065784, 0.012047327123582363, 0.011798377148807049, 0.011728620156645775, 0.011726661585271358, 0.011713510379195213, 0.011739974841475487, 0.011766496114432812, 0.011784684844315052, 0.012690921314060688, 0.012666232883930206, 0.01235676184296608, 0.012107636779546738, 0.012053819373250008, 0.012031680904328823, 0.012031645514070988, 0.012029388919472694, 0.012042473070323467, 0.012038756161928177, 0.012936778366565704, 0.012644768692553043, 0.012186440639197826, 0.011892270296812057, 0.012263125739991665, 0.012036907486617565, 0.011870053596794605, 0.01186034083366394, 0.011852119117975235, 0.011859522201120853, 0.013572534546256065, 0.01331762783229351, 0.012973333708941936, 0.012705627828836441, 0.0123007046058774, 0.012635879218578339, 0.012654222548007965, 0.012667727656662464, 0.012679142877459526, 0.012637886218726635, 0.013780676759779453, 0.01327632088214159, 0.012923207134008408, 0.012815986759960651, 0.012617725878953934, 0.012494046241044998, 0.012466968968510628, 0.012722635641694069, 0.012599143199622631, 0.012587682344019413], "POI_mean_timeserie": [0.0, 0.0, 0.0, 0.0, 0.0, 0.0, 0.0, 0.0, 0.0, 0.0, 0.0, 0.0, 0.0, 0.0, 0.0, 0.0, 0.0, 0.0, 0.0, 0.0, 0.0, 0.0, 0.0, 0.0, 0.0, 0.0, 0.0, 0.0, 0.0, 0.0, 0.0, 0.0, 0.0, 0.0, 0.0, 0.0, 0.0, 0.0, 0.0, 0.0, 0.0, 0.0, 0.0, 0.0, 0.0, 0.0, 0.0, 0.0, 0.0, 0.0, 0.0, 0.0, 0.0, 0.0, 0.0, 0.0, 0.0, 0.0, 0.0, 0.0, 0.0, 0.0, 0.0, 0.0, 0.0, 0.0, 0.0, 0.0, 0.0, 0.0, 0.0, 0.0, 0.0, 0.0, 0.0, 0.0, 0.0, 0.0, 0.0, 0.0, 0.0, 0.0, 0.0, 0.0, 0.0, 0.0, 0.0, 0.0, 0.0, 0.0, 0.0, 0.0, 0.0, 0.0, 0.0, 0.0, 0.0, 0.0, 0.0, 0.0, 0.0, 0.0, 0.0, 0.0, 0.0, 0.0, 0.0, 0.0, 0.0, 0.0, 0.0, 0.0, 0.0, 0.0, 0.0, 0.0, 0.0, 0.0, 0.0, 0.0, 0.0, 0.0, 0.0, 0.0, 0.0, 0.0, 0.0, 0.0, 0.0, 0.0, 0.0, 0.0, 0.0, 0.0, 0.0, 0.0, 0.0, 0.0, 0.0, 0.0, 0.0, 0.0, 0.0, 0.0, 0.0, 0.0, 0.0, 0.0, 0.0, 0.0, 0.0, 0.0, 0.0, 0.0, 0.0, 0.0, 0.0, 0.0, 0.0, 0.0, 0.0, 0.0, 0.0, 0.0, 0.0, 0.0, 0.0, 0.0, 0.0, 0.0, 0.0, 0.0, 0.0, 0.0, 0.0, 0.0, 0.0, 0.0, 0.0, 0.0, 0.0, 0.0, 0.0, 0.0, 0.0, 0.0, 0.0, 0.0, 0.0, 0.0, 0.0, 0.0, 0.0, 0.0, 0.0, 0.0, 0.0, 0.0, 0.0, 0.0, 0.0, 0.0, 0.0, 0.0, 0.0, 0.0, 0.0, 0.0, 0.0, 0.0, 0.0, 0.0, 0.0, 0.0, 0.0, 0.0, 0.0, 0.0, 0.0, 0.0, 0.0, 0.0, 0.0, 0.0, 0.0, 0.0, 0.0, 0.0, 0.0, 0.0, 0.0, 0.0, 0.0, 0.0, 0.0, 0.0, 0.0, 0.0, 0.0, 0.0, 0.0, 0.0, 0.0, 0.0, 0.0, 0.0, 0.0, 0.0, 0.0, 0.0, 0.0, 0.0, 0.0, 0.0, 0.0, 0.0, 0.0, 0.0, 0.0, 0.0, 0.0, 0.0, 0.0, 0.0, 0.0, 0.0, 0.0, 0.0, 0.0, 0.0, 0.0, 0.0, 0.0, 0.0, 0.0, 0.0, 0.0, 0.0, 0.0, 0.0, 0.0, 0.0, 0.0, 0.0, 0.0, 0.0, 0.0, 0.0, 0.0, 0.0, 0.0, 0.0, 0.0, 0.0, 0.0, 0.0, 0.0, 0.0, 0.0, 0.0, 0.0, 0.0, 0.0, 0.0, 0.0, 0.0, 0.0, 0.0, 0.0, 0.0, 0.0, 0.0, 0.0, 0.0, 0.0, 0.0, 0.0, 0.0, 0.0, 0.0, 0.0, 0.0, 0.0, 0.0, 0.0, 0.0, 0.0, 0.0, 0.0, 0.0, 0.0, 0.0, 0.0, 0.0, 0.0, 0.0, 0.0, 0.0, 0.0, 0.0, 0.0, 0.0, 0.0, 0.0, 0.0, 0.0, 0.0, 0.0, 0.0, 0.0, 0.0, 0.0, 0.0, 0.0, 0.0, 0.0, 0.0, 0.0, 0.0, 0.0, 0.0, 0.0, 0.0, 0.0, 0.0, 0.0, 0.0, 0.0, 0.0, 0.0, 0.0, 0.0, 0.0, 0.0, 0.0, 0.0, 0.0, 0.0, 0.0, 0.0, 0.0, 0.0, 0.0, 0.0, 0.0, 0.0, 0.0, 0.0, 0.0, 0.0, 0.0, 0.0, 0.0, 0.0, 0.0, 0.0, 0.0, 0.0, 0.0, 0.0, 0.0, 0.0, 0.0, 0.0, 0.0, 0.0, 0.0, 0.0, 0.0, 0.0, 0.0, 0.0, 0.0, 0.0, 0.0, 0.0, 0.0, 0.0, 0.0, 0.0, 0.0, 0.0, 0.0, 0.0, 0.0, 0.0, 0.0, 0.0, 0.0, 0.0, 0.0, 0.0, 0.0, 0.0, 0.0, 0.0, 0.0, 0.0, 0.0, 0.0, 0.0, 0.0, 0.0, 0.0, 0.0, 0.0, 0.0, 0.0, 0.0, 0.0, 0.0, 0.0, 0.0, 0.0, 0.0, 0.0, 0.0, 0.0, 0.0, 0.0, 0.0, 0.0, 0.0, 0.0, 0.0, 0.0, 0.0, 0.0, 0.0, 0.0, 0.0, 0.0, 0.0, 0.0, 0.0, 0.0, 0.0, 0.0, 0.0, 0.0, 0.0, 0.0, 0.0, 0.0, 0.0, 0.0, 0.0, 0.0, 0.0, 0.0, 0.0, 0.0, 0.0, 0.0, 0.0, 0.0, 0.0, 0.0, 0.0, 0.0, 0.0, 0.0, 0.0, 0.0, 0.0, 0.0, 0.0, 0.0, 0.0, 0.0, 0.0, 0.0, 0.0, 0.0, 0.0, 0.0, 0.0, 0.0, 0.0, 0.0, 0.0, 0.0, 0.0, 0.0, 0.0, 0.0, 0.0, 0.0, 0.0, 0.0, 0.0, 0.0, 0.0, 0.0, 0.0, 0.0, 0.0, 0.0, 0.0, 0.0, 0.0, 0.0, 0.0, 0.0, 0.0, 0.0, 0.0, 0.0, 0.0, 0.0, 0.0, 0.0, 0.0, 0.0, 0.0, 0.0, 0.0, 0.0, 0.0, 0.0, 0.0, 0.0, 0.0, 0.0, 0.0, 0.0, 0.0, 0.0, 0.0, 0.0, 0.0, 0.0, 0.0, 0.0, 0.0, 0.0, 0.0, 0.0, 0.0, 0.0, 0.0, 0.0, 0.0, 0.0, 0.0, 0.0, 0.0, 0.0, 0.0, 0.0, 0.0, 0.0, 0.0, 0.0, 0.0, 0.0, 0.0, 0.0, 0.0, 0.0, 0.0, 0.0, 0.0, 0.0, 0.0, 0.0, 0.0, 0.0, 0.0, 0.0, 0.0, 0.0, 0.0, 0.0, 0.0, 0.0, 0.0, 0.0, 0.0, 0.0, 0.0, 0.0, 0.0, 0.0, 0.0, 0.0, 0.0, 0.0, 0.0, 0.0, 0.0, 0.0, 0.0, 0.0, 0.0, 0.0, 0.0, 0.0, 0.0, 0.0, 0.0, 0.0, 0.0, 0.0, 0.0, 0.0, 0.0, 0.0, 0.0, 0.0, 0.0, 0.0, 0.0, 0.0, 0.0, 0.0, 0.0, 0.0, 0.0, 0.0, 0.0, 0.0, 0.0, 0.0, 0.0, 0.0, 0.0, 0.0, 0.0, 0.0, 0.0, 0.0, 0.0, 0.0, 0.0, 0.0, 0.0, 0.0, 0.0, 0.0, 0.0, 0.0, 0.0, 0.0, 0.0, 0.0, 0.0, 0.0, 0.0, 0.0, 0.0, 0.0, 0.0, 0.0, 0.0, 0.0, 0.0, 0.0, 0.0, 0.0, 0.0, 0.0, 0.0, 0.0, 0.0, 0.0, 0.0, 0.0, 0.0, 0.0, 0.0, 0.0, 0.0, 0.0, 0.0, 0.0, 0.0, 0.0, 0.0, 0.0, 0.0, 0.0, 0.0, 0.0, 0.0, 0.0, 0.0, 0.0, 0.0, 0.0, 0.0, 0.0, 0.0, 0.0, 0.0, 0.0, 0.0, 0.0, 0.0, 0.0, 0.0, 0.0, 0.0, 0.0, 0.0, 0.0, 0.0, 0.0, 0.0, 0.0, 0.0, 0.0, 0.0, 0.0, 0.0, 0.0, 0.0, 0.0, 0.0, 0.0, 0.0, 0.0, 0.0, 0.0, 0.0, 0.0, 0.0, 0.0, 0.0, 0.0, 0.0, 0.0, 0.0, 0.0, 0.0, 0.0, 0.0, 0.0, 0.0, 0.0, 0.0, 0.0, 0.0, 0.0, 0.0, 0.0, 0.0, 0.0, 0.0, 0.0, 0.0, 0.0, 0.0, 0.0, 0.0, 0.0, 0.0, 0.0, 0.0, 0.0, 0.0, 0.0, 0.0, 0.0, 0.0, 0.0, 0.0, 0.0, 0.0, 0.0, 0.0, 0.0, 0.0, 0.0, 0.0, 0.0, 0.0, 0.0, 0.0, 0.0, 0.0, 0.0, 0.0, 0.0, 0.0, 0.0, 0.0, 0.0, 0.0, 0.0, 0.0, 0.0, 0.0, 0.0, 0.0, 0.0, 0.0, 0.0, 0.0, 0.0, 0.0, 0.0, 0.0, 0.0, 0.0, 0.0, 0.0, 0.0, 0.0, 0.0, 0.0, 0.0, 0.0, 0.0, 0.0, 0.0, 0.0, 0.0, 0.0, 0.0, 0.0, 0.0, 0.0, 0.0, 0.0, 0.0, 0.0, 0.0, 0.0, 0.0, 0.0, 0.0, 0.0, 0.0, 0.0, 0.0, 0.0, 0.0, 0.0, 0.0, 0.0, 0.0, 0.0, 0.0, 0.0, 0.0, 0.0, 0.0, 0.0, 0.0, 0.0, 0.0, 0.0, 0.0, 0.0, 0.0, 0.0, 0.0, 0.0, 0.0, 0.0, 0.0, 0.0, 0.0, 0.0, 0.0, 0.0, 0.0, 0.0, 0.0, 0.0, 0.0, 0.0, 0.0, 0.0, 0.0, 0.0, 0.0, 0.0, 0.0, 0.0, 0.0, 0.0, 0.0, 0.0, 0.0, 0.0, 0.0, 0.0, 0.0, 0.0, 0.0, 0.0, 0.0, 0.0, 0.0, 0.0, 0.0, 0.0, 0.0, 0.0, 0.0, 0.0, 0.0, 0.0, 0.0, 0.0, 0.0, 0.0, 0.0, 0.0, 0.0, 0.0, 0.0, 0.0, 0.0, 0.0, 0.0, 0.0, 0.0, 0.0, 0.0, 0.0, 0.0, 0.0, 0.0, 0.0, 0.0, 0.0, 0.0, 0.0, 0.0, 0.0, 0.0, 0.0, 0.0, 0.0, 0.0, 0.0, 0.0, 0.0, 0.0, 0.0, 0.0, 0.0, 0.0, 0.0, 0.0, 0.0, 0.0, 0.0, 0.0, 0.0, 0.0, 0.0, 0.0, 0.0, 0.0, 0.0, 0.0, 0.0, 0.0, 0.0, 0.0, 0.0, 0.0, 0.0, 0.0, 0.0, 0.0, 0.0, 0.0, 0.0, 0.0, 0.0, 0.0, 0.0, 0.0, 0.0, 0.0, 0.0, 0.0, 0.0, 0.0, 0.0, 0.0, 0.0, 0.0, 0.0, 0.0, 0.0, 0.0, 0.0, 0.0, 0.0, 0.0, 0.0, 0.0, 0.0, 0.0, 0.0, 0.0, 0.0, 0.0, 0.0, 0.0, 0.0, 0.0, 0.0, 0.0, 0.0, 0.0, 0.0, 0.0, 0.0, 0.0, 0.0, 0.0, 0.0, 0.0, 0.0, 0.0, 0.0, 3.426511102588847e-05, 3.199782076990232e-05, 2.9730534151894972e-05, 2.7463243895908818e-05, 2.519595727790147e-05, 2.2928667021915317e-05, 2.0661376765929163e-05, 1.839408650994301e-05, 1.634068030398339e-05, 1.5207032447506208e-05, 0.00045204738853499293, 0.0004497802001424134, 0.0004475130117498338, 0.00044524582335725427, 0.00047422730131074786, 0.000593479722738266, 0.0007887082756496966, 0.0009651569998823106, 0.0011848995927721262, 0.0013699834235012531, 0.0011500236578285694, 0.0013129895087331533, 0.0015178406611084938, 0.001698350883089006, 0.0018435721285641193, 0.0019091261783614755, 0.0019304242450743914, 0.001913330052047968, 0.0019240397959947586, 0.0019273124635219574, 0.0018343718256801367, 0.0020514035131782293, 0.002088668756186962, 0.002087451983243227, 0.002112102461978793, 0.002160505158826709, 0.0022462615743279457, 0.0022843319457024336, 0.002338643651455641, 0.002345492597669363, 0.002258547116070986, 0.0022784334141761065, 0.0023407861590385437, 0.0023782881908118725, 0.0023831536527723074, 0.0023916400969028473, 0.0024037216790020466, 0.0024229465052485466, 0.0024361121468245983, 0.002503024647012353, 0.0025339294224977493, 0.002524646930396557, 0.00255545973777771, 0.0025904462672770023, 0.002623043954372406, 0.0026376652531325817, 0.0026536178775131702, 0.0026659518480300903, 0.0026736557483673096, 0.002684085862711072, 0.0027213641442358494, 0.0027229355182498693, 0.0027498994022607803, 0.0027383044362068176, 0.0027636787854135036, 0.0028012923430651426, 0.002837127773091197, 0.0028726598247885704, 0.002889406168833375, 0.002903476357460022, 0.003010095562785864, 0.0029953664634376764, 0.002943814732134342, 0.0030194087885320187, 0.0030451728962361813, 0.0029796604067087173, 0.002982242964208126, 0.0030031115747988224, 0.003052488435059786, 0.00308608403429389, 0.0031211390160024166, 0.0031557143665850163, 0.0031719112303107977, 0.0032375294249504805, 0.0032662409357726574, 0.0031839683651924133, 0.00319466064684093, 0.0031928198877722025, 0.0032032872550189495, 0.003223563078790903, 0.0032662320882081985, 0.003297261195257306, 0.003329872852191329, 0.003495451994240284, 0.0035170423798263073, 0.0034447668585926294, 0.0033997201826423407, 0.003413649508729577, 0.0034668303560465574, 0.003462450811639428, 0.003476251382380724, 0.0034923225175589323, 0.003521318081766367, 0.003749522380530834, 0.003778853453695774, 0.003685842966660857, 0.0036317668855190277, 0.0036451471969485283, 0.003667279612272978, 0.0036928479094058275, 0.0037193784955888987, 0.0037435737904161215, 0.003713361918926239, 0.0039271400310099125, 0.00394346984103322, 0.0038519608788192272, 0.0038136146031320095, 0.0038215776439756155, 0.0038385039661079645, 0.0038619819097220898, 0.003887705970555544, 0.003914311062544584, 0.003941078204661608, 0.004170389845967293, 0.004151294939219952, 0.003997253254055977, 0.003938537556678057, 0.003942613024264574, 0.003953881561756134, 0.003968480508774519, 0.003985812421888113, 0.004008854273706675, 0.004035180434584618, 0.004320158157497644, 0.004284463822841644, 0.004190456122159958, 0.0041266316547989845, 0.004128796048462391, 0.004143402446061373, 0.004161636810749769, 0.004180877935141325, 0.004199640825390816, 0.004217687528580427, 0.0044807251542806625, 0.004424002952873707, 0.0042921011336147785, 0.00423280568793416, 0.004243370145559311, 0.004262770060449839, 0.004283412825316191, 0.004303649067878723, 0.0043229833245277405, 0.004341361112892628, 0.0046673063188791275, 0.004642459563910961, 0.004526992328464985, 0.004472258500754833, 0.004478468559682369, 0.004494274500757456, 0.004513682797551155, 0.0045347088016569614, 0.004556053783744574, 0.004576970357447863, 0.004780489951372147, 0.004722978454083204, 0.00462175952270627, 0.004542961250990629, 0.004540140274912119, 0.004549204371869564, 0.0045608701184391975, 0.004573084879666567, 0.004585570655763149, 0.004597916733473539, 0.0049914587289094925, 0.0048653846606612206, 0.004774722270667553, 0.00469623040407896, 0.004770006984472275, 0.004769548308104277, 0.004775813315063715, 0.0047852648422122, 0.004796282388269901, 0.004807955119758844, 0.005113005172461271, 0.005077301058918238, 0.004982158541679382, 0.004910892341285944, 0.004894896410405636, 0.0048967101611196995, 0.004902254790067673, 0.0049116709269583225, 0.00492060836404562, 0.004929432645440102, 0.00524091674014926, 0.005225890316069126, 0.0049888454377651215, 0.004890842363238335, 0.004868976306170225, 0.004868824500590563, 0.004874065518379211, 0.004881714470684528, 0.00489068916067481, 0.0049001434817910194, 0.005371550098061562, 0.005223033484071493, 0.005108963698148727, 0.005001984536647797, 0.0049886140041053295, 0.0049980999901890755, 0.005004154052585363, 0.005008926149457693, 0.005014120135456324, 0.005019984673708677, 0.005441500339657068, 0.005571929272264242, 0.0054494524374604225, 0.005316856317222118, 0.005285562481731176, 0.005278800148516893, 0.00527929374948144, 0.0052831037901341915, 0.005289055872708559, 0.005295857321470976, 0.0055760969407856464, 0.005657035391777754, 0.0055540380999445915, 0.005428649485111237, 0.005282401107251644, 0.0052396273240447044, 0.005240200087428093, 0.005242133047431707, 0.005244751926511526, 0.005246598739176989, 0.005707531236112118, 0.00583000248298049, 0.005673014093190432, 0.005560665857046843, 0.005520726554095745, 0.005520198028534651, 0.005523010157048702, 0.005526781547814608, 0.005533931311219931, 0.005535824690014124, 0.005851856432855129, 0.005977181252092123, 0.005800100043416023, 0.005650341045111418, 0.005593783687800169, 0.005584135185927153, 0.0055830152705311775, 0.005585025995969772, 0.005588984582573175, 0.005593695677816868, 0.005924450699239969, 0.005857876501977444, 0.005880975630134344, 0.005767283961176872, 0.005606223829090595, 0.005612703040242195, 0.005616043694317341, 0.005622483789920807, 0.005628447514027357, 0.0056352210231125355, 0.006206102203577757, 0.006198084447532892, 0.0060236635617911816, 0.005899188574403524, 0.005864310078322887, 0.005863330792635679, 0.005856755189597607, 0.005869987420737743, 0.005883248057216406, 0.005892342422157526, 0.006345460657030344, 0.006333116441965103, 0.00617838092148304, 0.006053818389773369, 0.006026909686625004, 0.0060158404521644115, 0.006015822757035494, 0.006014694459736347, 0.006021236535161734, 0.0060193780809640884, 0.006468389183282852, 0.006322384346276522, 0.006093220319598913, 0.005946135148406029, 0.0061315628699958324, 0.006018453743308783, 0.005935026798397303, 0.00593017041683197, 0.0059260595589876175, 0.005929761100560427, 0.006786267273128033, 0.006658813916146755, 0.006486666854470968, 0.0063528139144182205, 0.0061503523029387, 0.006317939609289169, 0.0063271112740039825, 0.006333863828331232, 0.006339571438729763, 0.0063189431093633175, 0.006890338379889727, 0.006638160441070795, 0.006461603567004204, 0.006407993379980326, 0.006308862939476967, 0.006247023120522499, 0.006233484484255314, 0.0063613178208470345, 0.0062995715998113155, 0.0062938411720097065], "POI_median_timeserie": [0.0, 0.0, 0.0, 0.0, 0.0, 0.0, 0.0, 0.0, 0.0, 0.0, 0.0, 0.0, 0.0, 0.0, 0.0, 0.0, 0.0, 0.0, 0.0, 0.0, 0.0, 0.0, 0.0, 0.0, 0.0, 0.0, 0.0, 0.0, 0.0, 0.0, 0.0, 0.0, 0.0, 0.0, 0.0, 0.0, 0.0, 0.0, 0.0, 0.0, 0.0, 0.0, 0.0, 0.0, 0.0, 0.0, 0.0, 0.0, 0.0, 0.0, 0.0, 0.0, 0.0, 0.0, 0.0, 0.0, 0.0, 0.0, 0.0, 0.0, 0.0, 0.0, 0.0, 0.0, 0.0, 0.0, 0.0, 0.0, 0.0, 0.0, 0.0, 0.0, 0.0, 0.0, 0.0, 0.0, 0.0, 0.0, 0.0, 0.0, 0.0, 0.0, 0.0, 0.0, 0.0, 0.0, 0.0, 0.0, 0.0, 0.0, 0.0, 0.0, 0.0, 0.0, 0.0, 0.0, 0.0, 0.0, 0.0, 0.0, 0.0, 0.0, 0.0, 0.0, 0.0, 0.0, 0.0, 0.0, 0.0, 0.0, 0.0, 0.0, 0.0, 0.0, 0.0, 0.0, 0.0, 0.0, 0.0, 0.0, 0.0, 0.0, 0.0, 0.0, 0.0, 0.0, 0.0, 0.0, 0.0, 0.0, 0.0, 0.0, 0.0, 0.0, 0.0, 0.0, 0.0, 0.0, 0.0, 0.0, 0.0, 0.0, 0.0, 0.0, 0.0, 0.0, 0.0, 0.0, 0.0, 0.0, 0.0, 0.0, 0.0, 0.0, 0.0, 0.0, 0.0, 0.0, 0.0, 0.0, 0.0, 0.0, 0.0, 0.0, 0.0, 0.0, 0.0, 0.0, 0.0, 0.0, 0.0, 0.0, 0.0, 0.0, 0.0, 0.0, 0.0, 0.0, 0.0, 0.0, 0.0, 0.0, 0.0, 0.0, 0.0, 0.0, 0.0, 0.0, 0.0, 0.0, 0.0, 0.0, 0.0, 0.0, 0.0, 0.0, 0.0, 0.0, 0.0, 0.0, 0.0, 0.0, 0.0, 0.0, 0.0, 0.0, 0.0, 0.0, 0.0, 0.0, 0.0, 0.0, 0.0, 0.0, 0.0, 0.0, 0.0, 0.0, 0.0, 0.0, 0.0, 0.0, 0.0, 0.0, 0.0, 0.0, 0.0, 0.0, 0.0, 0.0, 0.0, 0.0, 0.0, 0.0, 0.0, 0.0, 0.0, 0.0, 0.0, 0.0, 0.0, 0.0, 0.0, 0.0, 0.0, 0.0, 0.0, 0.0, 0.0, 0.0, 0.0, 0.0, 0.0, 0.0, 0.0, 0.0, 0.0, 0.0, 0.0, 0.0, 0.0, 0.0, 0.0, 0.0, 0.0, 0.0, 0.0, 0.0, 0.0, 0.0, 0.0, 0.0, 0.0, 0.0, 0.0, 0.0, 0.0, 0.0, 0.0, 0.0, 0.0, 0.0, 0.0, 0.0, 0.0, 0.0, 0.0, 0.0, 0.0, 0.0, 0.0, 0.0, 0.0, 0.0, 0.0, 0.0, 0.0, 0.0, 0.0, 0.0, 0.0, 0.0, 0.0, 0.0, 0.0, 0.0, 0.0, 0.0, 0.0, 0.0, 0.0, 0.0, 0.0, 0.0, 0.0, 0.0, 0.0, 0.0, 0.0, 0.0, 0.0, 0.0, 0.0, 0.0, 0.0, 0.0, 0.0, 0.0, 0.0, 0.0, 0.0, 0.0, 0.0, 0.0, 0.0, 0.0, 0.0, 0.0, 0.0, 0.0, 0.0, 0.0, 0.0, 0.0, 0.0, 0.0, 0.0, 0.0, 0.0, 0.0, 0.0, 0.0, 0.0, 0.0, 0.0, 0.0, 0.0, 0.0, 0.0, 0.0, 0.0, 0.0, 0.0, 0.0, 0.0, 0.0, 0.0, 0.0, 0.0, 0.0, 0.0, 0.0, 0.0, 0.0, 0.0, 0.0, 0.0, 0.0, 0.0, 0.0, 0.0, 0.0, 0.0, 0.0, 0.0, 0.0, 0.0, 0.0, 0.0, 0.0, 0.0, 0.0, 0.0, 0.0, 0.0, 0.0, 0.0, 0.0, 0.0, 0.0, 0.0, 0.0, 0.0, 0.0, 0.0, 0.0, 0.0, 0.0, 0.0, 0.0, 0.0, 0.0, 0.0, 0.0, 0.0, 0.0, 0.0, 0.0, 0.0, 0.0, 0.0, 0.0, 0.0, 0.0, 0.0, 0.0, 0.0, 0.0, 0.0, 0.0, 0.0, 0.0, 0.0, 0.0, 0.0, 0.0, 0.0, 0.0, 0.0, 0.0, 0.0, 0.0, 0.0, 0.0, 0.0, 0.0, 0.0, 0.0, 0.0, 0.0, 0.0, 0.0, 0.0, 0.0, 0.0, 0.0, 0.0, 0.0, 0.0, 0.0, 0.0, 0.0, 0.0, 0.0, 0.0, 0.0, 0.0, 0.0, 0.0, 0.0, 0.0, 0.0, 0.0, 0.0, 0.0, 0.0, 0.0, 0.0, 0.0, 0.0, 0.0, 0.0, 0.0, 0.0, 0.0, 0.0, 0.0, 0.0, 0.0, 0.0, 0.0, 0.0, 0.0, 0.0, 0.0, 0.0, 0.0, 0.0, 0.0, 0.0, 0.0, 0.0, 0.0, 0.0, 0.0, 0.0, 0.0, 0.0, 0.0, 0.0, 0.0, 0.0, 0.0, 0.0, 0.0, 0.0, 0.0, 0.0, 0.0, 0.0, 0.0, 0.0, 0.0, 0.0, 0.0, 0.0, 0.0, 0.0, 0.0, 0.0, 0.0, 0.0, 0.0, 0.0, 0.0, 0.0, 0.0, 0.0, 0.0, 0.0, 0.0, 0.0, 0.0, 0.0, 0.0, 0.0, 0.0, 0.0, 0.0, 0.0, 0.0, 0.0, 0.0, 0.0, 0.0, 0.0, 0.0, 0.0, 0.0, 0.0, 0.0, 0.0, 0.0, 0.0, 0.0, 0.0, 0.0, 0.0, 0.0, 0.0, 0.0, 0.0, 0.0, 0.0, 0.0, 0.0, 0.0, 0.0, 0.0, 0.0, 0.0, 0.0, 0.0, 0.0, 0.0, 0.0, 0.0, 0.0, 0.0, 0.0, 0.0, 0.0, 0.0, 0.0, 0.0, 0.0, 0.0, 0.0, 0.0, 0.0, 0.0, 0.0, 0.0, 0.0, 0.0, 0.0, 0.0, 0.0, 0.0, 0.0, 0.0, 0.0, 0.0, 0.0, 0.0, 0.0, 0.0, 0.0, 0.0, 0.0, 0.0, 0.0, 0.0, 0.0, 0.0, 0.0, 0.0, 0.0, 0.0, 0.0, 0.0, 0.0, 0.0, 0.0, 0.0, 0.0, 0.0, 0.0, 0.0, 0.0, 0.0, 0.0, 0.0, 0.0, 0.0, 0.0, 0.0, 0.0, 0.0, 0.0, 0.0, 0.0, 0.0, 0.0, 0.0, 0.0, 0.0, 0.0, 0.0, 0.0, 0.0, 0.0, 0.0, 0.0, 0.0, 0.0, 0.0, 0.0, 0.0, 0.0, 0.0, 0.0, 0.0, 0.0, 0.0, 0.0, 0.0, 0.0, 0.0, 0.0, 0.0, 0.0, 0.0, 0.0, 0.0, 0.0, 0.0, 0.0, 0.0, 0.0, 0.0, 0.0, 0.0, 0.0, 0.0, 0.0, 0.0, 0.0, 0.0, 0.0, 0.0, 0.0, 0.0, 0.0, 0.0, 0.0, 0.0, 0.0, 0.0, 0.0, 0.0, 0.0, 0.0, 0.0, 0.0, 0.0, 0.0, 0.0, 0.0, 0.0, 0.0, 0.0, 0.0, 0.0, 0.0, 0.0, 0.0, 0.0, 0.0, 0.0, 0.0, 0.0, 0.0, 0.0, 0.0, 0.0, 0.0, 0.0, 0.0, 0.0, 0.0, 0.0, 0.0, 0.0, 0.0, 0.0, 0.0, 0.0, 0.0, 0.0, 0.0, 0.0, 0.0, 0.0, 0.0, 0.0, 0.0, 0.0, 0.0, 0.0, 0.0, 0.0, 0.0, 0.0, 0.0, 0.0, 0.0, 0.0, 0.0, 0.0, 0.0, 0.0, 0.0, 0.0, 0.0, 0.0, 0.0, 0.0, 0.0, 0.0, 0.0, 0.0, 0.0, 0.0, 0.0, 0.0, 0.0, 0.0, 0.0, 0.0, 0.0, 0.0, 0.0, 0.0, 0.0, 0.0, 0.0, 0.0, 0.0, 0.0, 0.0, 0.0, 0.0, 0.0, 0.0, 0.0, 0.0, 0.0, 0.0, 0.0, 0.0, 0.0, 0.0, 0.0, 0.0, 0.0, 0.0, 0.0, 0.0, 0.0, 0.0, 0.0, 0.0, 0.0, 0.0, 0.0, 0.0, 0.0, 0.0, 0.0, 0.0, 0.0, 0.0, 0.0, 0.0, 0.0, 0.0, 0.0, 0.0, 0.0, 0.0, 0.0, 0.0, 0.0, 0.0, 0.0, 0.0, 0.0, 0.0, 0.0, 0.0, 0.0, 0.0, 0.0, 0.0, 0.0, 0.0, 0.0, 0.0, 0.0, 0.0, 0.0, 0.0, 0.0, 0.0, 0.0, 0.0, 0.0, 0.0, 0.0, 0.0, 0.0, 0.0, 0.0, 0.0, 0.0, 0.0, 0.0, 0.0, 0.0, 0.0, 0.0, 0.0, 0.0, 0.0, 0.0, 0.0, 0.0, 0.0, 0.0, 0.0, 0.0, 0.0, 0.0, 0.0, 0.0, 0.0, 0.0, 0.0, 0.0, 0.0, 0.0, 0.0, 0.0, 0.0, 0.0, 0.0, 0.0, 0.0, 0.0, 0.0, 0.0, 0.0, 0.0, 0.0, 0.0, 0.0, 0.0, 0.0, 0.0, 0.0, 0.0, 0.0, 0.0, 0.0, 0.0, 0.0, 0.0, 0.0, 0.0, 0.0, 0.0, 0.0, 0.0, 0.0, 0.0, 0.0, 0.0, 0.0, 0.0, 0.0, 0.0, 0.0, 0.0, 0.0, 0.0, 0.0, 0.0, 0.0, 0.0, 0.0, 0.0, 0.0, 0.0, 0.0, 0.0, 0.0, 0.0, 0.0, 0.0, 0.0, 0.0, 0.0, 0.0, 0.0, 0.0, 0.0, 0.0, 0.0, 0.0, 0.0, 0.0, 0.0, 0.0, 0.0, 0.0, 0.0, 0.0, 0.0, 0.0, 0.0, 0.0, 0.0, 0.0, 0.0, 0.0, 0.0, 0.0, 0.0, 0.0, 0.0, 0.0, 0.0, 0.0, 0.0, 0.0, 0.0, 0.0, 0.0, 0.0, 0.0, 0.0, 0.0, 0.0, 0.0, 0.0, 0.0, 0.0, 0.0, 0.0, 0.0, 0.0, 0.0, 0.0, 0.0, 0.0, 0.0, 0.0, 0.0, 0.0, 0.0, 0.0, 0.0, 0.0, 0.0, 0.0, 0.0, 0.0, 0.0, 0.0, 0.0, 0.0, 0.0, 0.0, 0.0, 0.0, 0.0, 0.0, 0.0, 0.0, 0.0, 0.0, 0.0, 0.0, 0.0, 0.0, 0.0, 0.0, 0.0, 0.0, 0.0, 0.0, 0.0, 0.0, 0.0, 0.0, 0.0, 0.0, 0.0, 0.0, 0.0, 0.0, 0.0, 1.7710479369270615e-05, 1.5443200027220882e-05, 1.317592068517115e-05, 1.0908641343121417e-05, 8.641362001071684e-06, 6.374079930537846e-06, 4.106796041014604e-06, 1.8395141978544416e-06, 0.0, 0.0, 0.00026635723770596087, 0.0002640900493133813, 0.00026182286092080176, 0.0002595556725282222, 0.00025728848413564265, 0.0002550212957430631, 0.00025275410735048354, 0.000250486918957904, 0.0002482197305653244, 0.00024595254217274487, 0.0007066210964694619, 0.0007043539080768824, 0.0007020867196843028, 0.0006998195312917233, 0.0006975523428991437, 0.0006952851545065641, 0.0006930179661139846, 0.000690750777721405, 0.0006884835893288255, 0.0006862164009362459, 0.0009903323370963335, 0.0009880645666271448, 0.0009857967961579561, 0.0009835290256887674, 0.0009812612552195787, 0.00097899348475039, 0.0009767257142812014, 0.0009744585258886218, 0.0009721913374960423, 0.0009699241491034627, 0.0010844874195754528, 0.0009750113822519779, 0.0009727441938593984, 0.0009704770054668188, 0.0009682098170742393, 0.0009659426286816597, 0.0009636754402890801, 0.0009614082518965006, 0.000959141063503921, 0.0009568738751113415, 0.0011979963164776564, 0.000991377281025052, 0.0009891095105558634, 0.0009868417400866747, 0.000984573969617486, 0.0009823061991482973, 0.0009800384286791086, 0.00097777065820992, 0.0009755031787790358, 0.0009732359903864563, 0.001275247777812183, 0.0009972433326765895, 0.0009949755622074008, 0.0009927077917382121, 0.0009904400212690234, 0.0009881722507998347, 0.000985904480330646, 0.0009836367098614573, 0.0009813689393922687, 0.00097910116892308, 0.0013606828870251775, 0.0010295294923707843, 0.0009756910149008036, 0.0016151800518855453, 0.0011943286517634988, 0.0009894215036183596, 0.0009871537331491709, 0.0009848859626799822, 0.0009826181922107935, 0.0009803504217416048, 0.0009780826512724161, 0.0009758151136338711, 0.0009735479252412915, 0.001718500629067421, 0.0012595246080309153, 0.0009866836480796337, 0.000984415877610445, 0.0009821481071412563, 0.0009798803366720676, 0.000977612566202879, 0.0009753451449796557, 0.0009730779565870762, 0.0009708107681944966, 0.001805189298465848, 0.0013135946355760098, 0.0009982488118112087, 0.00099598104134202, 0.0009937132708728313, 0.0009914455004036427, 0.000989177729934454, 0.0009869099594652653, 0.0009846421889960766, 0.000982374418526888, 0.0018938028952106833, 0.001368221128359437, 0.0010348553769290447, 0.000980618642643094, 0.0009783508721739054, 0.0009760832763276994, 0.0009738160879351199, 0.0009715488995425403, 0.0009692817111499608, 0.0009670145227573812, 0.0019600261002779007, 0.0014086526352912188, 0.0010613746708258986, 0.000979966833256185, 0.0009776990627869964, 0.0009754315833561122, 0.0009731643949635327, 0.0009708972065709531, 0.0009686300181783736, 0.000966362829785794, 0.002042836742475629, 0.0014588062185794115, 0.0010940823704004288, 0.0009837300749495625, 0.0009814623044803739, 0.0009791945340111852, 0.0009769267635419965, 0.000974659516941756, 0.0009723923285491765, 0.0009701251401565969, 0.0021100707817822695, 0.0014991555362939835, 0.0011202209861949086, 0.0009808638133108616, 0.000978596042841673, 0.000976328388787806, 0.0009740612003952265, 0.0009717940120026469, 0.0009695268236100674, 0.0009672596352174878, 0.0021865444723516703, 0.0015446771867573261, 0.0011495387880131602, 0.0009800391271710396, 0.0009777713567018509, 0.0009755038772709668, 0.0009732366888783872, 0.0009709695004858077, 0.0009687023120932281, 0.0009664351237006485, 0.0022374328691512346, 0.001574758905917406, 0.0011688165832310915, 0.0009952329564839602, 0.0009929651860147715, 0.0009906974155455828, 0.000988429645076394, 0.0009861618746072054, 0.0009838941041380167, 0.000981626333668828, 0.002300641965121031, 0.0016118217026814818, 0.0011924259597435594, 0.0009883319726213813, 0.0009860642021521926, 0.000983796431683004, 0.0009815286612138152, 0.0009792608907446265, 0.0009769931202754378, 0.0009747258736751974, 0.0023465317208319902, 0.0016386555507779121, 0.001209493144415319, 0.0009762573754414916, 0.000973990187048912, 0.0009717229986563325, 0.0009694558102637529, 0.0009671886218711734, 0.0009649214334785938, 0.0009626542450860143, 0.002391289686784148, 0.0016646141884848475, 0.0012259013019502163, 0.0009881529258564115, 0.0009858851553872228, 0.000983617384918034, 0.0009813496144488454, 0.0009790818439796567, 0.000976814073510468, 0.0009745468269102275, 0.0024367664009332657, 0.0016908998368307948, 0.0012424793094396591, 0.0009752311743795872, 0.0009729639859870076, 0.0009706967975944281, 0.0009684296092018485, 0.000966162420809269, 0.0009638952324166894, 0.0009616280440241098, 0.002477239817380905, 0.0017141883727163076, 0.0012571201659739017, 0.000985414837487042, 0.0009831470670178533, 0.0009808792965486646, 0.0009786115260794759, 0.0009763438138179481, 0.0009740766254253685, 0.000971809437032789, 0.002525290474295616, 0.0017416824121028185, 0.0012743354309350252, 0.0009976315777748823, 0.0009953638073056936, 0.000993096036836505, 0.0009908282663673162, 0.0009885604958981276, 0.0009862927254289389, 0.0009840249549597502, 0.0025766275357455015, 0.0017708708764985204, 0.0012925281189382076, 0.0009846542961895466, 0.000982386525720358, 0.0009801187552511692, 0.0009778509847819805, 0.0009755835053510964, 0.0009733163169585168, 0.0009710491285659373, 0.002618760336190462, 0.001794786425307393, 0.0013074232265353203, 0.0009948387742042542, 0.0009925710037350655, 0.0009903032332658768, 0.000988035462796688, 0.0009857676923274994, 0.0009834999218583107, 0.000981232151389122, 0.0026698147412389517, 0.001823505968786776, 0.0013251884374767542, 0.0010066000977531075, 0.0009789158357307315, 0.0009766480652615428, 0.0009743808768689632, 0.0009721136884763837, 0.0009698465000838041, 0.0009675793116912246, 0.0026955725625157356, 0.0018379760440438986, 0.001334134372882545, 0.001012521330267191, 0.0009846123866736889, 0.0009823446162045002, 0.0009800768457353115, 0.0009778090752661228, 0.0009755415958352387, 0.0009732744074426591, 0.0027607539668679237, 0.001874445821158588, 0.0013566191773861647, 0.0010273755760863423, 0.0009739656234160066, 0.000971698435023427, 0.0009694312466308475, 0.0009671640582382679, 0.0009648968698456883, 0.0009626296814531088, 0.0028028180822730064, 0.0018977709114551544, 0.0013709045015275478, 0.0010367637732997537, 0.0009826535824686289, 0.0009803858119994402, 0.0009781180415302515, 0.0009758505038917065, 0.0009735833154991269, 0.0009713161271065474, 0.002847624709829688, 0.0019225776195526123, 0.0013860863400623202, 0.001046738587319851, 0.0009921571472659707, 0.000989889376796782, 0.0009876216063275933, 0.0009853538358584046, 0.000983086065389216, 0.0009808182949200273, 0.00290260324254632, 0.0019529141718521714, 0.0014046133728697896, 0.001058894325979054, 0.0009780429536476731, 0.0009757754160091281, 0.0009735082276165485, 0.000971241039223969, 0.0009689738508313894, 0.0009667066624388099, 0.002971113659441471, 0.0019904423970729113, 0.0014274152927100658, 0.001073797233402729, 0.000991578446701169, 0.0009893106762319803, 0.0009870429057627916, 0.000984775135293603, 0.0009825073648244143, 0.0009802395943552256]}}, {"type": "Feature", "properties": {"style_parser": "Circle", "variable": "water_depth_matrix", "unit": "m", "operation": "get_matrix_value_at_coordinates_grouped_by_dimension_with_scaling_option", "timeserie": [0.0, 0.0, 0.0, 0.0, 0.0, 0.0, 0.0, 0.0, 0.0, 0.0, 0.0, 0.0, 0.0, 0.0, 0.0, 0.0, 0.0, 0.0, 0.0, 0.0, 0.0, 0.0, 0.0, 0.0, 0.0, 0.0, 0.0, 0.0, 0.0, 0.0, 0.0, 0.0, 0.0, 0.0, 0.0, 0.0, 0.0, 0.0, 0.0, 0.0, 0.0, 0.0, 0.0, 0.0, 0.0, 0.0, 0.0, 0.0, 0.0, 0.0, 0.0, 0.0, 0.0, 0.0, 0.0, 0.0, 0.0, 0.0, 0.0, 0.0, 0.0, 0.0, 0.0, 0.0, 0.0, 0.0, 0.0, 0.0, 0.0, 0.0, 0.0, 0.0, 0.0, 0.0, 0.0, 0.0, 0.0, 0.0, 0.0, 0.0, 0.0, 0.0, 0.0, 0.0, 0.0, 0.0, 0.0, 0.0, 0.0, 0.0, 0.0, 0.0, 0.0, 0.0, 0.0, 0.0, 0.0, 0.0, 0.0, 0.0, 0.0, 0.0, 0.0, 0.0, 0.0, 0.0, 0.0, 0.0, 0.0, 0.0, 0.0, 0.0, 0.0, 0.0, 0.0, 0.0, 0.0, 0.0, 0.0, 0.0, 0.0, 0.0, 0.0, 0.0, 0.0, 0.0, 0.0, 0.0, 0.0, 0.0, 0.0, 0.0, 0.0, 0.0, 0.0, 0.0, 0.0, 0.0, 0.0, 0.0, 0.0, 0.0, 0.0, 0.0, 0.0, 0.0, 0.0, 0.0, 0.0, 0.0, 0.0, 0.0, 0.0, 0.0, 0.0, 0.0, 0.0, 0.0, 0.0, 0.0, 0.0, 0.0, 0.0, 0.0, 0.0, 0.0, 0.0, 0.0, 0.0, 0.0, 0.0, 0.0, 0.0, 0.0, 0.0, 0.0, 0.0, 0.0, 0.0, 0.0, 0.0, 0.0, 0.0, 0.0, 0.0, 0.0, 0.0, 0.0, 0.0, 0.0, 0.0, 0.0, 0.0, 0.0, 0.0, 0.0, 0.0, 0.0, 0.0, 0.0, 0.0, 0.0, 0.0, 0.0, 0.0, 0.0, 0.0, 0.0, 0.0, 0.0, 0.0, 0.0, 0.0, 0.0, 0.0, 0.0, 0.0, 0.0, 0.0, 0.0, 0.0, 0.0, 0.0, 0.0, 0.0, 0.0, 0.0, 0.0, 0.0, 0.0, 0.0, 0.0, 0.0, 0.0, 0.0, 0.0, 0.0, 0.0, 0.0, 0.0, 0.0, 0.0, 0.0, 0.0, 0.0, 0.0, 0.0, 0.0, 0.0, 0.0, 0.0, 0.0, 0.0, 0.0, 0.0, 0.0, 0.0, 0.0, 0.0, 0.0, 0.0, 0.0, 0.0, 0.0, 0.0, 0.0, 0.0, 0.0, 0.0, 0.0, 0.0, 0.0, 0.0, 0.0, 0.0, 0.0, 0.0, 0.0, 0.0, 0.0, 0.0, 0.0, 0.0, 0.0, 0.0, 0.0, 0.0, 0.0, 0.0, 0.0, 0.0, 0.0, 0.0, 0.0, 0.0, 0.0, 0.0, 0.0, 0.0, 0.0, 0.0, 0.0, 0.0, 0.0, 0.0, 0.0, 0.0, 0.0, 0.0, 0.0, 0.0, 0.0, 0.0, 0.0, 0.0, 0.0, 0.0, 0.0, 0.0, 0.0, 0.0, 0.0, 0.0, 0.0, 0.0, 0.0, 0.0, 0.0, 0.0, 0.0, 0.0, 0.0, 0.0, 0.0, 0.0, 0.0, 0.0, 0.0, 0.0, 0.0, 0.0, 0.0, 0.0, 0.0, 0.0, 0.0, 0.0, 0.0, 0.0, 0.0, 0.0, 0.0, 0.0, 0.0, 0.0, 0.0, 0.0, 0.0, 0.0, 0.0, 0.0, 0.0, 0.0, 0.0, 0.0, 0.0, 0.0, 0.0, 0.0, 0.0, 0.0, 0.0, 0.0, 0.0, 0.0, 0.0, 0.0, 0.0, 0.0, 0.0, 0.0, 0.0, 0.0, 0.0, 0.0, 0.0, 0.0, 0.0, 0.0, 0.0, 0.0, 0.0, 0.0, 0.0, 0.0, 0.0, 0.0, 0.0, 0.0, 0.0, 0.0, 0.0, 0.0, 0.0, 0.0, 0.0, 0.0, 0.0, 0.0, 0.0, 0.0, 0.0, 0.0, 0.0, 0.0, 0.0, 0.0, 0.0, 0.0, 0.0, 0.0, 0.0, 0.0, 0.0, 0.0, 0.0, 0.0, 0.0, 0.0, 0.0, 0.0, 0.0, 0.0, 0.0, 0.0, 0.0, 0.0, 0.0, 0.0, 0.0, 0.0, 0.0, 0.0, 0.0, 0.0, 0.0, 0.0, 0.0, 0.0, 0.0, 0.0, 0.0, 0.0, 0.0, 0.0, 0.0, 0.0, 0.0, 0.0, 0.0, 0.0, 0.0, 0.0, 0.0, 0.0, 0.0, 0.0, 0.0, 0.0, 0.0, 0.0, 0.0, 0.0, 0.0, 0.0, 0.0, 0.0, 0.0, 0.0, 0.0, 0.0, 0.0, 0.0, 0.0, 0.0, 0.0, 0.0, 0.0, 0.0, 0.0, 0.0, 0.0, 0.0, 0.0, 0.0, 0.0, 0.0, 0.0, 0.0, 0.0, 0.0, 0.0, 0.0, 0.0, 0.0, 0.0, 0.0, 0.0, 0.0, 0.0, 0.0, 0.0, 0.0, 0.0, 0.0, 0.0, 0.0, 0.0, 0.0, 0.0, 0.0, 0.0, 0.0, 0.0, 0.0, 0.0, 0.0, 0.0, 0.0, 0.0, 0.0, 0.0, 0.0, 0.0, 0.0, 0.0, 0.0, 0.0, 0.0, 0.0, 0.0, 0.0, 0.0, 0.0, 0.0, 0.0, 0.0, 0.0, 0.0, 0.0, 0.0, 0.0, 0.0, 0.0, 0.0, 0.0, 0.0, 0.0, 0.0, 0.0, 0.0, 0.0, 0.0, 0.0, 0.0, 0.0, 0.0, 0.0, 0.0, 0.0, 0.0, 0.0, 0.0, 0.0, 0.0, 0.0, 0.0, 0.0, 0.0, 0.0, 0.0, 0.0, 0.0, 0.0, 0.0, 0.0, 0.0, 0.0, 0.0, 0.0, 0.0, 0.0, 0.0, 0.0, 0.0, 0.0, 0.0, 0.0, 0.0, 0.0, 0.0, 0.0, 0.0, 0.0, 0.0, 0.0, 0.0, 0.0, 0.0, 0.0, 0.0, 0.0, 0.0, 0.0, 0.0, 0.0, 0.0, 0.0, 0.0, 0.0, 0.0, 0.0, 0.0, 0.0, 0.0, 0.0, 0.0, 0.0, 0.0, 0.0, 0.0, 0.0, 0.0, 0.0, 0.0, 0.0, 0.0, 0.0, 0.0, 0.0, 0.0, 0.0, 0.0, 0.0, 0.0, 0.0, 0.0, 0.0, 0.0, 0.0, 0.0, 0.0, 0.0, 0.0, 0.0, 0.0, 0.0, 0.0, 0.0, 0.0, 0.0, 0.0, 0.0, 0.0, 0.0, 0.0, 0.0, 0.0, 0.0, 0.0, 0.0, 0.0, 0.0, 0.0, 0.0, 0.0, 0.0, 0.0, 0.0, 0.0, 0.0, 0.0, 0.0, 0.0, 0.0, 0.0, 0.0, 0.0, 0.0, 0.0, 0.0, 0.0, 0.0, 0.0, 0.0, 0.0, 0.0, 0.0, 0.0, 0.0, 0.0, 0.0, 0.0, 0.0, 0.0, 0.0, 0.0, 0.0, 0.0, 0.0, 0.0, 0.0, 0.0, 0.0, 0.0, 0.0, 0.0, 0.0, 0.0, 0.0, 0.0, 0.0, 0.0, 0.0, 0.0, 0.0, 0.0, 0.0, 0.0, 0.0, 0.0, 0.0, 0.0, 0.0, 0.0, 0.0, 0.0, 0.0, 0.0, 0.0, 0.0, 0.0, 0.0, 0.0, 0.0, 0.0, 0.0, 0.0, 0.0, 0.0, 0.0, 0.0, 0.0, 0.0, 0.0, 0.0, 0.0, 0.0, 0.0, 0.0, 0.0, 0.0, 0.0, 0.0, 0.0, 0.0, 0.0, 0.0, 0.0, 0.0, 0.0, 0.0, 0.0, 0.0, 0.0, 0.0, 0.0, 0.0, 0.0, 0.0, 0.0, 0.0, 0.0, 0.0, 0.0, 0.0, 0.0, 0.0, 0.0, 0.0, 0.0, 0.0, 0.0, 0.0, 0.0, 0.0, 0.0, 0.0, 0.0, 0.0, 0.0, 0.0, 0.0, 0.0, 0.0, 0.0, 0.0, 0.0, 0.0, 0.0, 0.0, 0.0, 0.0, 0.0, 0.0, 0.0, 0.0, 0.0, 0.0, 0.0, 0.0, 0.0, 0.0, 0.0, 0.0, 0.0, 0.0, 0.0, 0.0, 0.0, 0.0, 0.0, 0.0, 0.0, 0.0, 0.0, 0.0, 0.0, 0.0, 0.0, 0.0, 0.0, 0.0, 0.0, 0.0, 0.0, 0.0, 0.0, 0.0, 0.0, 0.0, 0.0, 0.0, 0.0, 0.0, 0.0, 0.0, 0.0, 0.0, 0.0, 0.0, 0.0, 0.0, 0.0, 0.0, 0.0, 0.0, 0.0, 0.0, 0.0, 0.0, 0.0, 0.0, 0.0, 0.0, 0.0, 0.0, 0.0, 0.0, 0.0, 0.0, 0.0, 0.0, 0.0, 0.0, 0.0, 0.0, 0.0, 0.0, 0.0, 0.0, 0.0, 0.0, 0.0, 0.0, 0.0, 0.0, 0.0, 0.0, 0.0, 0.0, 0.0, 0.0, 0.0, 0.0, 0.0, 0.0, 0.0, 0.0, 0.0, 0.0, 0.0, 0.0, 0.0, 0.0, 0.0, 0.0, 0.0, 0.0, 0.0, 0.0, 0.0, 0.0, 0.0, 0.0, 0.0, 0.0, 0.0, 0.0, 0.0, 0.0, 0.0, 0.0, 0.0, 0.0, 0.0, 0.0, 0.0, 0.0, 0.0, 0.0, 0.0, 0.0, 0.0, 0.0, 0.0, 0.0, 0.0, 0.0, 0.0, 0.0, 0.0, 0.0, 0.0, 0.0, 0.0, 0.0, 0.0, 0.0, 0.0, 0.0, 0.0, 0.0, 0.0, 0.0, 0.0, 0.0, 0.0, 0.0, 0.0, 0.0, 0.0, 0.0, 0.0, 0.0, 0.0, 0.0, 0.0, 0.0, 0.0, 0.0, 0.0, 0.0, 0.0, 0.0, 0.0, 0.0, 0.0, 0.0, 0.0, 0.0, 0.0, 0.0, 0.0, 0.0, 0.0, 0.0, 0.0, 0.0, 0.0, 0.0, 0.0, 0.0, 0.0, 0.0, 0.0, 0.0, 0.0, 0.0, 0.0, 0.0, 0.0, 0.0, 0.0, 0.0, 0.0, 0.0, 0.0, 0.0, 0.0, 0.0, 0.0, 0.0, 0.0, 0.0, 0.0, 0.0, 0.0, 0.0, 0.0, 0.0, 0.0, 0.0, 0.0, 0.0, 0.0, 0.0, 0.0, 0.0, 0.0, 0.0, 0.0, 0.0, 0.0, 0.0, 0.0, 0.0, 0.0, 0.0, 0.0, 0.0, 0.0, 0.0, 0.0, 0.0, 0.0, 0.0, 0.0, 0.0, 0.0, 0.0, 0.0, 0.0, 5.081974086351693e-05, 4.855244333157316e-05, 4.628514579962939e-05, 4.401784826768562e-05, 4.1750550735741854e-05, 3.9483253203798085e-05, 3.721595567185432e-05, 3.494865813991055e-05, 3.268136060796678e-05, 3.0414064895012416e-05, 0.0006377375102601945, 0.000635470321867615, 0.0006332031334750354, 0.0006309359450824559, 0.0006911661475896835, 0.0009319381788372993, 0.00132466247305274, 0.0016798271099105477, 0.0021215793676674366, 0.002494014333933592, 0.001593426102772355, 0.0019216251093894243, 0.0023335947189480066, 0.0026968822348862886, 0.002989592030644417, 0.003122967202216387, 0.0031678304076194763, 0.003135909326374531, 0.0031595961190760136, 0.003168408526107669, 0.00267841131426394, 0.003114742459729314, 0.003191540716215968, 0.0031913749407976866, 0.0032429436687380075, 0.0033420168329030275, 0.0035157976672053337, 0.0035942052491009235, 0.0037050959654152393, 0.003721061162650585, 0.0034326070453971624, 0.003581855446100235, 0.003708828007802367, 0.00378609960898757, 0.0037980976048856974, 0.0038173373322933912, 0.003843767801299691, 0.003884484525769949, 0.003913083113729954, 0.004049175418913364, 0.0038698622956871986, 0.004057916346937418, 0.0041218101978302, 0.004194050561636686, 0.004261513706296682, 0.0042930240742862225, 0.004327197093516588, 0.004354133270680904, 0.004371808376163244, 0.00439493590965867, 0.004167480394244194, 0.004448627587407827, 0.004504823125898838, 0.004483900964260101, 0.004536917433142662, 0.004614412318915129, 0.004688350949436426, 0.004761682823300362, 0.0047974432818591595, 0.004827851429581642, 0.004659508354961872, 0.004961203318089247, 0.0049119386821985245, 0.00442363740876317, 0.0048960172571241856, 0.0049698990769684315, 0.004977332428097725, 0.005021337419748306, 0.005122358910739422, 0.0051918174140155315, 0.0052641951479017735, 0.005335613619536161, 0.005370274651795626, 0.00475655822083354, 0.005272957030683756, 0.005381253082305193, 0.005404905416071415, 0.005403491668403149, 0.005426694173365831, 0.005469513591378927, 0.0055571189150214195, 0.005621444433927536, 0.005688935052603483, 0.005185714457184076, 0.005720490124076605, 0.00589128490537405, 0.005803459323942661, 0.005833585746586323, 0.005942215211689472, 0.005935723893344402, 0.005965592805296183, 0.006000002846121788, 0.006060261745005846, 0.005605241749435663, 0.0061894855462014675, 0.00633683055639267, 0.006282915361225605, 0.0063119432888925076, 0.006358475890010595, 0.006411879789084196, 0.00646720826625824, 0.0065178656950592995, 0.006459709256887436, 0.005894253961741924, 0.0064782872796058655, 0.006642546970397234, 0.006647262256592512, 0.006665456108748913, 0.0067015765234827995, 0.006750799249857664, 0.006804514676332474, 0.006859991699457169, 0.006915793288499117, 0.006297942716628313, 0.006843783892691135, 0.006900424137711525, 0.006893345154821873, 0.006903763860464096, 0.006928568240255117, 0.006960034370422363, 0.006996965501457453, 0.00704531604424119, 0.007100235670804977, 0.006530245766043663, 0.007069771643728018, 0.007260690908879042, 0.007272399961948395, 0.007278996054083109, 0.007310476619750261, 0.007349212188273668, 0.007389961741864681, 0.007429754827171564, 0.007468115072697401, 0.006774905603379011, 0.0073033282533288, 0.007434663828462362, 0.007485572248697281, 0.007508968934416771, 0.007550036534667015, 0.007593588903546333, 0.007636328227818012, 0.007677264511585236, 0.007716286927461624, 0.007097180001437664, 0.007710159756243229, 0.007885168306529522, 0.00794928427785635, 0.00796397216618061, 0.007997851818799973, 0.00803893618285656, 0.008083255961537361, 0.008128213696181774, 0.008172314614057541, 0.007260337937623262, 0.007834135554730892, 0.008051092736423016, 0.008097590878605843, 0.00809421669691801, 0.00811461266130209, 0.008140211924910545, 0.008166909217834473, 0.008194148540496826, 0.00822110753506422, 0.007636385969817638, 0.008092113770544529, 0.008339951746165752, 0.008416203781962395, 0.008566023781895638, 0.008567373268306255, 0.00858217105269432, 0.008603340946137905, 0.008627642877399921, 0.008653256110846996, 0.00783472042530775, 0.008489987812936306, 0.008738416247069836, 0.008833631873130798, 0.00880390778183937, 0.008809803053736687, 0.008823160082101822, 0.00884426012635231, 0.008864402770996094, 0.008884318172931671, 0.008045067079365253, 0.008760880678892136, 0.008735211566090584, 0.008806453086435795, 0.008764988742768764, 0.008766951970756054, 0.00877970177680254, 0.008797266520559788, 0.008817482739686966, 0.008838659152388573, 0.008265860378742218, 0.008731878362596035, 0.008960806764662266, 0.009018554352223873, 0.008994081057608128, 0.009015320800244808, 0.009029696695506573, 0.00904150865972042, 0.009054163470864296, 0.009068160317838192, 0.00835771020501852, 0.00940217636525631, 0.009624569676816463, 0.00963608082383871, 0.009575760923326015, 0.009564504027366638, 0.00956775899976492, 0.009577646851539612, 0.009591818787157536, 0.009607689455151558, 0.008575566112995148, 0.009543200023472309, 0.009815548546612263, 0.009872645139694214, 0.009582416154444218, 0.009499135427176952, 0.009502549655735493, 0.009508682414889336, 0.009516187943518162, 0.0095221484079957, 0.008796301670372486, 0.00986521877348423, 0.010038604959845543, 0.010126492939889431, 0.010048882104456425, 0.010050092823803425, 0.010057984851300716, 0.010067795403301716, 0.01008436270058155, 0.010090417228639126, 0.009033897891640663, 0.010130856186151505, 0.010275011882185936, 0.010294081643223763, 0.010208651423454285, 0.01019162219017744, 0.010191649198532104, 0.010197938419878483, 0.010208122432231903, 0.010219812393188477, 0.009153328835964203, 0.009877776727080345, 0.010427816770970821, 0.010522047057747841, 0.010227834805846214, 0.010243061929941177, 0.010252011008560658, 0.010267158038914204, 0.010281353257596493, 0.010297168046236038, 0.00965145044028759, 0.010521722957491875, 0.010690707713365555, 0.010771001689136028, 0.010754654183983803, 0.010754963383078575, 0.010744079016149044, 0.010772811248898506, 0.010801599361002445, 0.0108220549300313, 0.009888103231787682, 0.010768461972475052, 0.010985856875777245, 0.011070872657001019, 0.011071166023612022, 0.011051295325160027, 0.01105352770537138, 0.0110535379499197, 0.011068889871239662, 0.011067439801990986, 0.010089153423905373, 0.010722191073000431, 0.010800354182720184, 0.010845531709492207, 0.011270968243479729, 0.011047017760574818, 0.010882431641221046, 0.01087498664855957, 0.010869032703340054, 0.01087870355695486, 0.010669931769371033, 0.011364713311195374, 0.011568720452487469, 0.011646733619272709, 0.01132266130298376, 0.011660103686153889, 0.01168071385473013, 0.011696486733853817, 0.011710168793797493, 0.01167117990553379, 0.010809563100337982, 0.011285878717899323, 0.011495791375637054, 0.011742189526557922, 0.011626147665083408, 0.011504735797643661, 0.01147992629557848, 0.01173786073923111, 0.01161663606762886, 0.011607442982494831], "min": 0.0, "max": 0.011742189526557922, "sum": 2.272523880004883, "mean": 0.0016515435418114066, "median": 0.0, "display_key": "water_depth_matrix_get_matrix_value_at_coordinates_grouped_by_dimension_with_scaling_option"}, "geometry": {"type": "Point", "coordinates": [1038046.5, 6869606.5]}}, {"type": "Feature", "properties": {"style_parser": "Circle", "variable": "water_depth_matrix", "unit": "m", "operation": "get_matrix_value_at_coordinates_grouped_by_dimension_with_scaling_option", "timeserie": [0.0, 0.0, 0.0, 0.0, 0.0, 0.0, 0.0, 0.0, 0.0, 0.0, 0.0, 0.0, 0.0, 0.0, 0.0, 0.0, 0.0, 0.0, 0.0, 0.0, 0.0, 0.0, 0.0, 0.0, 0.0, 0.0, 0.0, 0.0, 0.0, 0.0, 0.0, 0.0, 0.0, 0.0, 0.0, 0.0, 0.0, 0.0, 0.0, 0.0, 0.0, 0.0, 0.0, 0.0, 0.0, 0.0, 0.0, 0.0, 0.0, 0.0, 0.0, 0.0, 0.0, 0.0, 0.0, 0.0, 0.0, 0.0, 0.0, 0.0, 0.0, 0.0, 0.0, 0.0, 0.0, 0.0, 0.0, 0.0, 0.0, 0.0, 0.0, 0.0, 0.0, 0.0, 0.0, 0.0, 0.0, 0.0, 0.0, 0.0, 0.0, 0.0, 0.0, 0.0, 0.0, 0.0, 0.0, 0.0, 0.0, 0.0, 0.0, 0.0, 0.0, 0.0, 0.0, 0.0, 0.0, 0.0, 0.0, 0.0, 0.0, 0.0, 0.0, 0.0, 0.0, 0.0, 0.0, 0.0, 0.0, 0.0, 0.0, 0.0, 0.0, 0.0, 0.0, 0.0, 0.0, 0.0, 0.0, 0.0, 0.0, 0.0, 0.0, 0.0, 0.0, 0.0, 0.0, 0.0, 0.0, 0.0, 0.0, 0.0, 0.0, 0.0, 0.0, 0.0, 0.0, 0.0, 0.0, 0.0, 0.0, 0.0, 0.0, 0.0, 0.0, 0.0, 0.0, 0.0, 0.0, 0.0, 0.0, 0.0, 0.0, 0.0, 0.0, 0.0, 0.0, 0.0, 0.0, 0.0, 0.0, 0.0, 0.0, 0.0, 0.0, 0.0, 0.0, 0.0, 0.0, 0.0, 0.0, 0.0, 0.0, 0.0, 0.0, 0.0, 0.0, 0.0, 0.0, 0.0, 0.0, 0.0, 0.0, 0.0, 0.0, 0.0, 0.0, 0.0, 0.0, 0.0, 0.0, 0.0, 0.0, 0.0, 0.0, 0.0, 0.0, 0.0, 0.0, 0.0, 0.0, 0.0, 0.0, 0.0, 0.0, 0.0, 0.0, 0.0, 0.0, 0.0, 0.0, 0.0, 0.0, 0.0, 0.0, 0.0, 0.0, 0.0, 0.0, 0.0, 0.0, 0.0, 0.0, 0.0, 0.0, 0.0, 0.0, 0.0, 0.0, 0.0, 0.0, 0.0, 0.0, 0.0, 0.0, 0.0, 0.0, 0.0, 0.0, 0.0, 0.0, 0.0, 0.0, 0.0, 0.0, 0.0, 0.0, 0.0, 0.0, 0.0, 0.0, 0.0, 0.0, 0.0, 0.0, 0.0, 0.0, 0.0, 0.0, 0.0, 0.0, 0.0, 0.0, 0.0, 0.0, 0.0, 0.0, 0.0, 0.0, 0.0, 0.0, 0.0, 0.0, 0.0, 0.0, 0.0, 0.0, 0.0, 0.0, 0.0, 0.0, 0.0, 0.0, 0.0, 0.0, 0.0, 0.0, 0.0, 0.0, 0.0, 0.0, 0.0, 0.0, 0.0, 0.0, 0.0, 0.0, 0.0, 0.0, 0.0, 0.0, 0.0, 0.0, 0.0, 0.0, 0.0, 0.0, 0.0, 0.0, 0.0, 0.0, 0.0, 0.0, 0.0, 0.0, 0.0, 0.0, 0.0, 0.0, 0.0, 0.0, 0.0, 0.0, 0.0, 0.0, 0.0, 0.0, 0.0, 0.0, 0.0, 0.0, 0.0, 0.0, 0.0, 0.0, 0.0, 0.0, 0.0, 0.0, 0.0, 0.0, 0.0, 0.0, 0.0, 0.0, 0.0, 0.0, 0.0, 0.0, 0.0, 0.0, 0.0, 0.0, 0.0, 0.0, 0.0, 0.0, 0.0, 0.0, 0.0, 0.0, 0.0, 0.0, 0.0, 0.0, 0.0, 0.0, 0.0, 0.0, 0.0, 0.0, 0.0, 0.0, 0.0, 0.0, 0.0, 0.0, 0.0, 0.0, 0.0, 0.0, 0.0, 0.0, 0.0, 0.0, 0.0, 0.0, 0.0, 0.0, 0.0, 0.0, 0.0, 0.0, 0.0, 0.0, 0.0, 0.0, 0.0, 0.0, 0.0, 0.0, 0.0, 0.0, 0.0, 0.0, 0.0, 0.0, 0.0, 0.0, 0.0, 0.0, 0.0, 0.0, 0.0, 0.0, 0.0, 0.0, 0.0, 0.0, 0.0, 0.0, 0.0, 0.0, 0.0, 0.0, 0.0, 0.0, 0.0, 0.0, 0.0, 0.0, 0.0, 0.0, 0.0, 0.0, 0.0, 0.0, 0.0, 0.0, 0.0, 0.0, 0.0, 0.0, 0.0, 0.0, 0.0, 0.0, 0.0, 0.0, 0.0, 0.0, 0.0, 0.0, 0.0, 0.0, 0.0, 0.0, 0.0, 0.0, 0.0, 0.0, 0.0, 0.0, 0.0, 0.0, 0.0, 0.0, 0.0, 0.0, 0.0, 0.0, 0.0, 0.0, 0.0, 0.0, 0.0, 0.0, 0.0, 0.0, 0.0, 0.0, 0.0, 0.0, 0.0, 0.0, 0.0, 0.0, 0.0, 0.0, 0.0, 0.0, 0.0, 0.0, 0.0, 0.0, 0.0, 0.0, 0.0, 0.0, 0.0, 0.0, 0.0, 0.0, 0.0, 0.0, 0.0, 0.0, 0.0, 0.0, 0.0, 0.0, 0.0, 0.0, 0.0, 0.0, 0.0, 0.0, 0.0, 0.0, 0.0, 0.0, 0.0, 0.0, 0.0, 0.0, 0.0, 0.0, 0.0, 0.0, 0.0, 0.0, 0.0, 0.0, 0.0, 0.0, 0.0, 0.0, 0.0, 0.0, 0.0, 0.0, 0.0, 0.0, 0.0, 0.0, 0.0, 0.0, 0.0, 0.0, 0.0, 0.0, 0.0, 0.0, 0.0, 0.0, 0.0, 0.0, 0.0, 0.0, 0.0, 0.0, 0.0, 0.0, 0.0, 0.0, 0.0, 0.0, 0.0, 0.0, 0.0, 0.0, 0.0, 0.0, 0.0, 0.0, 0.0, 0.0, 0.0, 0.0, 0.0, 0.0, 0.0, 0.0, 0.0, 0.0, 0.0, 0.0, 0.0, 0.0, 0.0, 0.0, 0.0, 0.0, 0.0, 0.0, 0.0, 0.0, 0.0, 0.0, 0.0, 0.0, 0.0, 0.0, 0.0, 0.0, 0.0, 0.0, 0.0, 0.0, 0.0, 0.0, 0.0, 0.0, 0.0, 0.0, 0.0, 0.0, 0.0, 0.0, 0.0, 0.0, 0.0, 0.0, 0.0, 0.0, 0.0, 0.0, 0.0, 0.0, 0.0, 0.0, 0.0, 0.0, 0.0, 0.0, 0.0, 0.0, 0.0, 0.0, 0.0, 0.0, 0.0, 0.0, 0.0, 0.0, 0.0, 0.0, 0.0, 0.0, 0.0, 0.0, 0.0, 0.0, 0.0, 0.0, 0.0, 0.0, 0.0, 0.0, 0.0, 0.0, 0.0, 0.0, 0.0, 0.0, 0.0, 0.0, 0.0, 0.0, 0.0, 0.0, 0.0, 0.0, 0.0, 0.0, 0.0, 0.0, 0.0, 0.0, 0.0, 0.0, 0.0, 0.0, 0.0, 0.0, 0.0, 0.0, 0.0, 0.0, 0.0, 0.0, 0.0, 0.0, 0.0, 0.0, 0.0, 0.0, 0.0, 0.0, 0.0, 0.0, 0.0, 0.0, 0.0, 0.0, 0.0, 0.0, 0.0, 0.0, 0.0, 0.0, 0.0, 0.0, 0.0, 0.0, 0.0, 0.0, 0.0, 0.0, 0.0, 0.0, 0.0, 0.0, 0.0, 0.0, 0.0, 0.0, 0.0, 0.0, 0.0, 0.0, 0.0, 0.0, 0.0, 0.0, 0.0, 0.0, 0.0, 0.0, 0.0, 0.0, 0.0, 0.0, 0.0, 0.0, 0.0, 0.0, 0.0, 0.0, 0.0, 0.0, 0.0, 0.0, 0.0, 0.0, 0.0, 0.0, 0.0, 0.0, 0.0, 0.0, 0.0, 0.0, 0.0, 0.0, 0.0, 0.0, 0.0, 0.0, 0.0, 0.0, 0.0, 0.0, 0.0, 0.0, 0.0, 0.0, 0.0, 0.0, 0.0, 0.0, 0.0, 0.0, 0.0, 0.0, 0.0, 0.0, 0.0, 0.0, 0.0, 0.0, 0.0, 0.0, 0.0, 0.0, 0.0, 0.0, 0.0, 0.0, 0.0, 0.0, 0.0, 0.0, 0.0, 0.0, 0.0, 0.0, 0.0, 0.0, 0.0, 0.0, 0.0, 0.0, 0.0, 0.0, 0.0, 0.0, 0.0, 0.0, 0.0, 0.0, 0.0, 0.0, 0.0, 0.0, 0.0, 0.0, 0.0, 0.0, 0.0, 0.0, 0.0, 0.0, 0.0, 0.0, 0.0, 0.0, 0.0, 0.0, 0.0, 0.0, 0.0, 0.0, 0.0, 0.0, 0.0, 0.0, 0.0, 0.0, 0.0, 0.0, 0.0, 0.0, 0.0, 0.0, 0.0, 0.0, 0.0, 0.0, 0.0, 0.0, 0.0, 0.0, 0.0, 0.0, 0.0, 0.0, 0.0, 0.0, 0.0, 0.0, 0.0, 0.0, 0.0, 0.0, 0.0, 0.0, 0.0, 0.0, 0.0, 0.0, 0.0, 0.0, 0.0, 0.0, 0.0, 0.0, 0.0, 0.0, 0.0, 0.0, 0.0, 0.0, 0.0, 0.0, 0.0, 0.0, 0.0, 0.0, 0.0, 0.0, 0.0, 0.0, 0.0, 0.0, 0.0, 0.0, 0.0, 0.0, 0.0, 0.0, 0.0, 0.0, 0.0, 0.0, 0.0, 0.0, 0.0, 0.0, 0.0, 0.0, 0.0, 0.0, 0.0, 0.0, 0.0, 0.0, 0.0, 0.0, 0.0, 0.0, 0.0, 0.0, 0.0, 0.0, 0.0, 0.0, 0.0, 0.0, 0.0, 0.0, 0.0, 0.0, 0.0, 0.0, 0.0, 0.0, 0.0, 0.0, 0.0, 0.0, 0.0, 0.0, 0.0, 0.0, 0.0, 0.0, 0.0, 0.0, 0.0, 0.0, 0.0, 0.0, 0.0, 0.0, 0.0, 0.0, 0.0, 0.0, 0.0, 0.0, 0.0, 0.0, 0.0, 0.0, 0.0, 0.0, 0.0, 0.0, 0.0, 0.0, 0.0, 0.0, 0.0, 0.0, 0.0, 0.0, 0.0, 0.0, 0.0, 0.0, 0.0, 0.0, 0.0, 0.0, 0.0, 0.0, 0.0, 0.0, 0.0, 0.0, 0.0, 0.0, 0.0, 0.0, 0.0, 0.0, 0.0, 0.0, 0.0, 0.0, 0.0, 0.0, 0.0, 0.0, 0.0, 0.0, 0.0, 0.0, 0.0, 0.0, 0.0, 0.0, 0.0, 0.0, 0.0, 0.0, 0.0, 0.0, 0.0, 0.0, 0.0, 0.0, 0.0, 0.0, 0.0, 0.0, 0.0, 0.0, 0.0, 0.0, 0.0, 0.0, 0.0, 0.0, 0.0, 0.0, 0.0, 0.0, 0.0, 0.0, 0.0, 0.0, 0.0, 0.0, 0.0, 0.0, 0.0, 0.0, 0.0, 0.0, 0.0, 0.0, 1.7710479369270615e-05, 1.5443200027220882e-05, 1.317592068517115e-05, 1.0908641343121417e-05, 8.641362001071684e-06, 6.374079930537846e-06, 4.106796041014604e-06, 1.8395141978544416e-06, 0.0, 0.0, 0.00026635723770596087, 0.0002640900493133813, 0.00026182286092080176, 0.0002595556725282222, 0.00025728848413564265, 0.0002550212957430631, 0.00025275410735048354, 0.000250486918957904, 0.0002482197305653244, 0.00024595254217274487, 0.0007066210964694619, 0.0007043539080768824, 0.0007020867196843028, 0.0006998195312917233, 0.0006975523428991437, 0.0006952851545065641, 0.0006930179661139846, 0.000690750777721405, 0.0006884835893288255, 0.0006862164009362459, 0.0009903323370963335, 0.0009880645666271448, 0.0009857967961579561, 0.0009835290256887674, 0.0009812612552195787, 0.00097899348475039, 0.0009767257142812014, 0.0009744585258886218, 0.0009721913374960423, 0.0009699241491034627, 0.0010844874195754528, 0.0009750113822519779, 0.0009727441938593984, 0.0009704770054668188, 0.0009682098170742393, 0.0009659426286816597, 0.0009636754402890801, 0.0009614082518965006, 0.000959141063503921, 0.0009568738751113415, 0.0011979963164776564, 0.000991377281025052, 0.0009891095105558634, 0.0009868417400866747, 0.000984573969617486, 0.0009823061991482973, 0.0009800384286791086, 0.00097777065820992, 0.0009755031787790358, 0.0009732359903864563, 0.001275247777812183, 0.0009972433326765895, 0.0009949755622074008, 0.0009927077917382121, 0.0009904400212690234, 0.0009881722507998347, 0.000985904480330646, 0.0009836367098614573, 0.0009813689393922687, 0.00097910116892308, 0.0013606828870251775, 0.0010295294923707843, 0.0009756910149008036, 0.0016151800518855453, 0.0011943286517634988, 0.0009894215036183596, 0.0009871537331491709, 0.0009848859626799822, 0.0009826181922107935, 0.0009803504217416048, 0.0009780826512724161, 0.0009758151136338711, 0.0009735479252412915, 0.001718500629067421, 0.0012595246080309153, 0.0009866836480796337, 0.000984415877610445, 0.0009821481071412563, 0.0009798803366720676, 0.000977612566202879, 0.0009753451449796557, 0.0009730779565870762, 0.0009708107681944966, 0.001805189298465848, 0.0013135946355760098, 0.0009982488118112087, 0.00099598104134202, 0.0009937132708728313, 0.0009914455004036427, 0.000989177729934454, 0.0009869099594652653, 0.0009846421889960766, 0.000982374418526888, 0.0018938028952106833, 0.001368221128359437, 0.0010348553769290447, 0.000980618642643094, 0.0009783508721739054, 0.0009760832763276994, 0.0009738160879351199, 0.0009715488995425403, 0.0009692817111499608, 0.0009670145227573812, 0.0019600261002779007, 0.0014086526352912188, 0.0010613746708258986, 0.000979966833256185, 0.0009776990627869964, 0.0009754315833561122, 0.0009731643949635327, 0.0009708972065709531, 0.0009686300181783736, 0.000966362829785794, 0.002042836742475629, 0.0014588062185794115, 0.0010940823704004288, 0.0009837300749495625, 0.0009814623044803739, 0.0009791945340111852, 0.0009769267635419965, 0.000974659516941756, 0.0009723923285491765, 0.0009701251401565969, 0.0021100707817822695, 0.0014991555362939835, 0.0011202209861949086, 0.0009808638133108616, 0.000978596042841673, 0.000976328388787806, 0.0009740612003952265, 0.0009717940120026469, 0.0009695268236100674, 0.0009672596352174878, 0.0021865444723516703, 0.0015446771867573261, 0.0011495387880131602, 0.0009800391271710396, 0.0009777713567018509, 0.0009755038772709668, 0.0009732366888783872, 0.0009709695004858077, 0.0009687023120932281, 0.0009664351237006485, 0.0022374328691512346, 0.001574758905917406, 0.0011688165832310915, 0.0009952329564839602, 0.0009929651860147715, 0.0009906974155455828, 0.000988429645076394, 0.0009861618746072054, 0.0009838941041380167, 0.000981626333668828, 0.002300641965121031, 0.0016118217026814818, 0.0011924259597435594, 0.0009883319726213813, 0.0009860642021521926, 0.000983796431683004, 0.0009815286612138152, 0.0009792608907446265, 0.0009769931202754378, 0.0009747258736751974, 0.0023465317208319902, 0.0016386555507779121, 0.001209493144415319, 0.0009762573754414916, 0.000973990187048912, 0.0009717229986563325, 0.0009694558102637529, 0.0009671886218711734, 0.0009649214334785938, 0.0009626542450860143, 0.002391289686784148, 0.0016646141884848475, 0.0012259013019502163, 0.0009881529258564115, 0.0009858851553872228, 0.000983617384918034, 0.0009813496144488454, 0.0009790818439796567, 0.000976814073510468, 0.0009745468269102275, 0.0024367664009332657, 0.0016908998368307948, 0.0012424793094396591, 0.0009752311743795872, 0.0009729639859870076, 0.0009706967975944281, 0.0009684296092018485, 0.000966162420809269, 0.0009638952324166894, 0.0009616280440241098, 0.002477239817380905, 0.0017141883727163076, 0.0012571201659739017, 0.000985414837487042, 0.0009831470670178533, 0.0009808792965486646, 0.0009786115260794759, 0.0009763438138179481, 0.0009740766254253685, 0.000971809437032789, 0.002525290474295616, 0.0017416824121028185, 0.0012743354309350252, 0.0009976315777748823, 0.0009953638073056936, 0.000993096036836505, 0.0009908282663673162, 0.0009885604958981276, 0.0009862927254289389, 0.0009840249549597502, 0.0025766275357455015, 0.0017708708764985204, 0.0012925281189382076, 0.0009846542961895466, 0.000982386525720358, 0.0009801187552511692, 0.0009778509847819805, 0.0009755835053510964, 0.0009733163169585168, 0.0009710491285659373, 0.002618760336190462, 0.001794786425307393, 0.0013074232265353203, 0.0009948387742042542, 0.0009925710037350655, 0.0009903032332658768, 0.000988035462796688, 0.0009857676923274994, 0.0009834999218583107, 0.000981232151389122, 0.0026698147412389517, 0.001823505968786776, 0.0013251884374767542, 0.0010066000977531075, 0.0009789158357307315, 0.0009766480652615428, 0.0009743808768689632, 0.0009721136884763837, 0.0009698465000838041, 0.0009675793116912246, 0.0026955725625157356, 0.0018379760440438986, 0.001334134372882545, 0.001012521330267191, 0.0009846123866736889, 0.0009823446162045002, 0.0009800768457353115, 0.0009778090752661228, 0.0009755415958352387, 0.0009732744074426591, 0.0027607539668679237, 0.001874445821158588, 0.0013566191773861647, 0.0010273755760863423, 0.0009739656234160066, 0.000971698435023427, 0.0009694312466308475, 0.0009671640582382679, 0.0009648968698456883, 0.0009626296814531088, 0.0028028180822730064, 0.0018977709114551544, 0.0013709045015275478, 0.0010367637732997537, 0.0009826535824686289, 0.0009803858119994402, 0.0009781180415302515, 0.0009758505038917065, 0.0009735833154991269, 0.0009713161271065474, 0.002847624709829688, 0.0019225776195526123, 0.0013860863400623202, 0.001046738587319851, 0.0009921571472659707, 0.000989889376796782, 0.0009876216063275933, 0.0009853538358584046, 0.000983086065389216, 0.0009808182949200273, 0.00290260324254632, 0.0019529141718521714, 0.0014046133728697896, 0.001058894325979054, 0.0009780429536476731, 0.0009757754160091281, 0.0009735082276165485, 0.000971241039223969, 0.0009689738508313894, 0.0009667066624388099, 0.002971113659441471, 0.0019904423970729113, 0.0014274152927100658, 0.001073797233402729, 0.000991578446701169, 0.0009893106762319803, 0.0009870429057627916, 0.000984775135293603, 0.0009825073648244143, 0.0009802395943552256], "min": 0.0, "max": 0.002971113659441471, "sum": 0.3432246744632721, "mean": 0.00024943653261289, "median": 0.0, "display_key": "water_depth_matrix_get_matrix_value_at_coordinates_grouped_by_dimension_with_scaling_option"}, "geometry": {"type": "Point", "coordinates": [1038046.5, 6869605.5]}}], "tags": {"UUID_SIMULATION": "synthetic_chevron_poi_2_points_w_timeserie", "UUID_TOPOGRAPHY": null, "UUID_CATCHMENT": null, "UUID_ROUGHNESS": null, "UUID_INFILTRATION": null, "UUID_SPRINGS_WELLS": null, "UUID_RAINS": null, "UUID_POINTS_OF_INTEREST": null}}